Member	Party	Constituency	AllowIndicativeVotes_Amm	Amm_BennParliamentTakeControl	Amm_BradyAltArrangementsBackstop	Amm_CooperExtensionIfNoMV2	Amm_SpelmanRejectNoDeal	Extension30June	FirstMeaningfulVote	IV_Common.market.2	IV_Confirmatory.public.vote	IV_Contingent.preferential.arrangements	IV_Customs.union	IV_EFTA.and.EEA	IV_Labour.alternative.plan	IV_No.deal	IV_Revocation.to.avoid.no.deal	NextStep_BradySpelman	RuleOutNoDeal_Ammended	SecondMeaningfulVote	ThirdMeaningfulVote
1	?rfhlaith Begley	Sinn F?in	West Tyrone	No Vote Recorded	No Vote Recorded	No Vote Recorded	No Vote Recorded	No Vote Recorded	No Vote Recorded	No Vote Recorded	No Vote Recorded	No Vote Recorded	No Vote Recorded	No Vote Recorded	No Vote Recorded	No Vote Recorded	No Vote Recorded	No Vote Recorded	No Vote Recorded	No Vote Recorded	No Vote Recorded	No Vote Recorded
2	Adam Afriyie	Conservative	Windsor	No	No	Aye	No Vote Recorded	No	No	No	No	No	Aye	No	No	No	Aye	No	Aye	No	No	No
3	Adam Holloway	Conservative	Gravesham	No	No	Aye	No Vote Recorded	No	No	No	No	No	Aye	No	No	No	Aye	No	No Vote Recorded	No	No	No
4	Adrian Bailey	Labour	West Bromwich West	Aye	Aye	No	Aye	Aye	Aye	No	Aye	Aye	No	Aye	No Vote Recorded	Aye	No	No Vote Recorded	No	Aye	No	No
5	Afzal Khan	Labour	Manchester, Gorton	Aye	Aye	No	Aye	Aye	Aye	No	Aye	Aye	No	Aye	No Vote Recorded	Aye	No	No Vote Recorded	No	Aye	No	No
6	Alan Brown	Scottish National Party	Kilmarnock and Loudoun	Aye	Aye	No	Aye	Aye	Aye	No	No Vote Recorded	Aye	No	No Vote Recorded	No	No Vote Recorded	No	Aye	No	Aye	No	No
7	Alan Campbell	Labour	Tynemouth	Aye	Aye	No	Aye	Aye	Aye	No	No Vote Recorded	Aye	No	Aye	No Vote Recorded	Aye	No	No Vote Recorded	No	Aye	No	No
8	Alan Duncan	Conservative	Rutland and Melton	No	No	Aye	Aye	No	Aye	Aye	No Vote Recorded	No	No	No Vote Recorded	No Vote Recorded	No	No	Aye	Aye	No	Aye	Aye
9	Alan Mak	Conservative	Havant	No	No	Aye	Aye	No	No	Aye	No	No	Aye	No	No	No	Aye	No	Aye	No	Aye	Aye
10	Alan Whitehead	Labour	Southampton, Test	Aye	Aye	No	Aye	Aye	Aye	No	Aye	Aye	No	Aye	No	Aye	No	Aye	No	Aye	No	No
11	Albert Owen	Labour	Ynys M?n	Aye	Aye	No	Aye	Aye	Aye	No	Aye	Aye	No	Aye	No Vote Recorded	Aye	No	Aye	No	Aye	No	No
12	Alberto Costa	Conservative	South Leicestershire	Aye	No	No Vote Recorded	Aye	No Vote Recorded	Aye	Aye	Aye	No	No	No	Aye	No	No	No	Aye	No Vote Recorded	Aye	Aye
13	Alec Shelbrooke	Conservative	Elmet and Rothwell	No	No	Aye	Aye	No	Aye	Aye	No Vote Recorded	No Vote Recorded	No Vote Recorded	No Vote Recorded	No Vote Recorded	No Vote Recorded	No Vote Recorded	No Vote Recorded	Aye	No	Aye	Aye
14	Alex Burghart	Conservative	Brentwood and Ongar	No	No	Aye	Aye	No	No	Aye	No	No	No Vote Recorded	No	No	No	No Vote Recorded	No	Aye	No	Aye	Aye
15	Alex Chalk	Conservative	Cheltenham	No	No	Aye	Aye	No	Aye	Aye	No	No Vote Recorded	No	Aye	No	No	No	No Vote Recorded	Aye	No	Aye	Aye
16	Alex Cunningham	Labour	Stockton North	Aye	Aye	No	Aye	Aye	Aye	No	Aye	Aye	No	Aye	No	Aye	No	Aye	No	Aye	No	No
17	Alex Norris	Labour	Nottingham North	Aye	Aye	No	Aye	Aye	Aye	No	Aye	Aye	No	Aye	No Vote Recorded	Aye	No	No Vote Recorded	No	Aye	No	No
18	Alex Sobel	Labour	Leeds North West	Aye	Aye	No	Aye	Aye	Aye	No	Aye	Aye	No	Aye	No	Aye	No	Aye	No	Aye	No	No
19	Alison McGovern	Labour	Wirral South	Aye	Aye	No	Aye	Aye	Aye	No	No Vote Recorded	Aye	No	Aye	No	Aye	No	No Vote Recorded	No	Aye	No	No
20	Alison Thewliss	Scottish National Party	Glasgow Central	Aye	Aye	No	Aye	Aye	Aye	No	No Vote Recorded	Aye	No	No Vote Recorded	No	No Vote Recorded	No	Aye	No	Aye	No	No
21	Alistair Burt	Conservative	North East Bedfordshire	No Vote Recorded	No	Aye	Aye	No	Aye	Aye	Aye	No Vote Recorded	No	Aye	Aye	No	No	No Vote Recorded	Aye	No Vote Recorded	Aye	Aye
22	Alistair Carmichael	Liberal Democrat	Orkney and Shetland	Aye	Aye	No	Aye	Aye	Aye	No	No Vote Recorded	Aye	No	No Vote Recorded	No Vote Recorded	No Vote Recorded	No	Aye	No	Aye	No	No
23	Alister Jack	Conservative	Dumfries and Galloway	No	No	Aye	Aye	No	Aye	Aye	No	No	Aye	No	No	No	No	No	Aye	No	Aye	Aye
24	Alok Sharma	Conservative	Reading West	No	No	Aye	Aye	No	Aye	Aye	No	No	No	No	No	No	No	No	Aye	No	Aye	Aye
25	Alun Cairns	Conservative	Vale of Glamorgan	No	No	Aye	Aye	No	Aye	Aye	No Vote Recorded	No Vote Recorded	No Vote Recorded	No Vote Recorded	No Vote Recorded	No Vote Recorded	No Vote Recorded	No Vote Recorded	Aye	No	Aye	Aye
26	Alun Cairns	Conservative	Vale of Glamorgan	No	No	Aye	Aye	No	No	Aye	No Vote Recorded	No Vote Recorded	No Vote Recorded	No Vote Recorded	No Vote Recorded	No Vote Recorded	No Vote Recorded	No Vote Recorded	Aye	No	Aye	Aye
27	Amanda Milling	Conservative	Cannock Chase	No	No	Aye	Aye	No	No	Aye	No	No	No Vote Recorded	No	No	No	Aye	No	Aye	No	Aye	Aye
28	Amber Rudd	Conservative	Hastings and Rye	No	No	Aye	Aye	No	Aye	Aye	No Vote Recorded	No Vote Recorded	No Vote Recorded	No Vote Recorded	No Vote Recorded	No Vote Recorded	No Vote Recorded	No Vote Recorded	Aye	No Vote Recorded	Aye	Aye
29	Andrea Jenkyns	Conservative	Morley and Outwood	No	No	Aye	No Vote Recorded	No	No	No	No	No	Aye	No	No	No	Aye	No	No Vote Recorded	No	No	No
30	Andrea Leadsom	Conservative	South Northamptonshire	No	No	Aye	Aye	No	No	Aye	No Vote Recorded	No Vote Recorded	No Vote Recorded	No Vote Recorded	No Vote Recorded	No Vote Recorded	No Vote Recorded	No Vote Recorded	Aye	No	Aye	Aye
31	Andrew Bowie	Conservative	West Aberdeenshire and Kincardine	No	No	Aye	Aye	No	Aye	Aye	No	No	No	No	No	No	No	No	Aye	No	Aye	Aye
32	Andrew Bridgen	Conservative	North West Leicestershire	No	No	Aye	No Vote Recorded	No	No	No	No	No	Aye	No	No	No	Aye	No	No Vote Recorded	No	No	No
33	Andrew Griffiths	Conservative	Burton	No	No	Aye	No Vote Recorded	No	No	Aye	No	No	No	No	No	No	Aye	No	Aye	No	Aye	Aye
34	Andrew Gwynne	Labour	Denton and Reddish	Aye	No Vote Recorded	No	Aye	Aye	No Vote Recorded	No	Aye	No Vote Recorded	No	Aye	No Vote Recorded	Aye	No	No Vote Recorded	No	No Vote Recorded	No	No
35	Andrew Jones	Conservative	Harrogate and Knaresborough	No	No	Aye	Aye	No	Aye	Aye	No	No	No	No	No	No	No	No	Aye	No	Aye	Aye
36	Andrew Lewer	Conservative	Northampton South	No	No	Aye	No Vote Recorded	No	No	No	No	No	Aye	No	No	No	Aye	No	No Vote Recorded	No	No	Aye
37	Andrew Mitchell	Conservative	Sutton Coldfield	Aye	No	Aye	Aye	No	Aye	No	No Vote Recorded	No	Aye	Aye	No Vote Recorded	No	Aye	No	Aye	No	Aye	Aye
38	Andrew Murrison	Conservative	South West Wiltshire	No	No	Aye	No Vote Recorded	No	No	Aye	No	No	No Vote Recorded	No	No Vote Recorded	No	Aye	No	Aye	No	Aye	Aye
39	Andrew Percy	Conservative	Brigg and Goole	No	No	Aye	No Vote Recorded	No	No	Aye	Aye	No	Aye	No	Aye	No	Aye	No	Aye	No	Aye	Aye
40	Andrew Rosindell	Conservative	Romford	No	No	Aye	No Vote Recorded	No	No	No	No	No	Aye	No	No	No	Aye	No	No Vote Recorded	No	No	No
41	Andrew Selous	Conservative	South West Bedfordshire	No	No	Aye	Aye	No	No Vote Recorded	Aye	No	No	No Vote Recorded	No	No	No	No Vote Recorded	No	Aye	No	Aye	Aye
42	Andrew Stephenson	Conservative	Pendle	No	No	Aye	Aye	No	No	Aye	No	No	Aye	No	No	No	Aye	No	Aye	No	Aye	Aye
43	Andy McDonald	Labour	Middlesbrough	Aye	Aye	No	Aye	Aye	Aye	No	Aye	Aye	No Vote Recorded	Aye	No Vote Recorded	Aye	No	No Vote Recorded	No	Aye	No	No
44	Andy Slaughter	Labour	Hammersmith	Aye	Aye	No	Aye	Aye	Aye	No	No Vote Recorded	Aye	No	Aye	No	Aye	No	Aye	No	Aye	No	No
45	Angela Crawley	Scottish National Party	Lanark and Hamilton East	Aye	Aye	No	Aye	Aye	Aye	No	No Vote Recorded	Aye	No	No Vote Recorded	No	No Vote Recorded	No	Aye	No	Aye	No	No
46	Angela Eagle	Labour	Wallasey	Aye	Aye	No	Aye	Aye	Aye	No	No Vote Recorded	Aye	No	Aye	No Vote Recorded	Aye	No	Aye	No	Aye	No	No
47	Angela Rayner	Labour	Ashton-under-Lyne	Aye	Aye	No	Aye	Aye	Aye	No	Aye	Aye	No	Aye	No Vote Recorded	Aye	No	No Vote Recorded	No	Aye	No	No
48	Angela Smith	Independent	Penistone and Stocksbridge	Aye	Aye	No	Aye	Aye	Aye	No	No	Aye	No	No	No	No	No	Aye	No	Aye	No	No
49	Angus Brendan MacNeil	Scottish National Party	Na h-Eileanan an Iar	Aye	Aye	No	Aye	Aye	Aye	No	No Vote Recorded	No Vote Recorded	No	No Vote Recorded	No	No Vote Recorded	No	Aye	No	Aye	No	No
50	Ann Clwyd	Labour	Cynon Valley	Aye	Aye	No	Aye	Aye	Aye	No	No	Aye	No	No	No	No	No	Aye	No	Aye	No	No
51	Ann Coffey	Independent	Stockport	Aye	Aye	No	Aye	Aye	Aye	No	No	Aye	No	No	No	No	No	Aye	No	Aye	No	No
52	Anna McMorrin	Labour	Cardiff North	Aye	Aye	No	Aye	Aye	Aye	No	No	Aye	No	No	No	Aye	No	Aye	No	Aye	No	No
53	Anna Soubry	Independent	Broxtowe	Aye	Aye	No	Aye	Aye	Aye	No	No	Aye	No	No	No	No	No	Aye	No Vote Recorded	Aye	No	No
54	Anna Turley	Labour	Redcar	Aye	Aye	No	Aye	Aye	Aye	No	No Vote Recorded	Aye	No	Aye	No	Aye	No	Aye	No	Aye	No	No
55	Anne-Marie Trevelyan	Conservative	Berwick-upon-Tweed	No	No	Aye	No Vote Recorded	No	No	No	No	No	Aye	No	No	No	Aye	No	No Vote Recorded	No	No	Aye
56	Anne Main	Conservative	St Albans	No	No	Aye	No Vote Recorded	No	No	No	No	No	Aye	No	No	No	Aye	No	Aye	No	No	Aye
57	Anne Marie Morris	Conservative	Newton Abbot	No	No	No	No	No	No	No	No	No	No	No	No	No	Aye	No	No	No	No	No
58	Anne Milton	Conservative	Guildford	No	No	Aye	Aye	No	Aye	Aye	No Vote Recorded	No Vote Recorded	No	Aye	No Vote Recorded	No	No	No Vote Recorded	Aye	No Vote Recorded	Aye	Aye
59	Anneliese Dodds	Labour	Oxford East	Aye	Aye	No	Aye	Aye	Aye	No	Aye	Aye	No	Aye	No Vote Recorded	Aye	No	Aye	No	Aye	No	No
60	Antoinette Sandbach	Conservative	Eddisbury	Aye	Aye	No Vote Recorded	Aye	Aye	Aye	Aye	Aye	Aye	No	Aye	Aye	No	No	No Vote Recorded	No Vote Recorded	Aye	Aye	Aye
61	Bambos Charalambous	Labour	Enfield, Southgate	Aye	Aye	No	Aye	Aye	Aye	No	Aye	Aye	No	Aye	No Vote Recorded	Aye	No	Aye	No	Aye	No	No
62	Barbara Keeley	Labour	Worsley and Eccles South	Aye	Aye	No	Aye	Aye	Aye	No	No Vote Recorded	Aye	No	Aye	No Vote Recorded	Aye	No	No Vote Recorded	No	Aye	No	No
63	Barry Gardiner	Labour	Brent North	Aye	Aye	No	Aye	Aye	Aye	No	No Vote Recorded	Aye	No	Aye	No Vote Recorded	Aye	No	No Vote Recorded	No	Aye	No	No
64	Barry Sheerman	Labour	Huddersfield	Aye	Aye	No	Aye	Aye	Aye	No	No Vote Recorded	Aye	No	Aye	No	Aye	No	Aye	No	Aye	No	No
65	Ben Bradley	Conservative	Mansfield	No	No	Aye	No Vote Recorded	No	No	No	No	No	Aye	No	No	No	Aye	No	Aye	No	Aye	Aye
66	Ben Bradshaw	Labour	Exeter	Aye	Aye	No	Aye	Aye	Aye	No	No Vote Recorded	Aye	No	Aye	No	Aye	No	Aye	No	Aye	No	No
67	Ben Lake	Plaid Cymru	Ceredigion	Aye	Aye	No	Aye	Aye	Aye	No	Aye	Aye	No	No Vote Recorded	No Vote Recorded	No Vote Recorded	No	Aye	No	Aye	No	No
68	Ben Wallace	Conservative	Wyre and Preston North	No	No	Aye	Aye	No	No	Aye	No	No	No	No	Aye	No	Aye	No	Aye	No	Aye	Aye
69	Bernard Jenkin	Conservative	Harwich and North Essex	No	No	Aye	No Vote Recorded	No	No	No	No	No	Aye	No	No	No	Aye	No	No Vote Recorded	No	No	No
70	Bill Esterson	Labour	Sefton Central	Aye	Aye	No	Aye	Aye	Aye	No	Aye	Aye	No	Aye	No	Aye	No	Aye	No	Aye	No	No
71	Bill Grant	Conservative	Ayr, Carrick and Cumnock	No	No	Aye	Aye	No	Aye	Aye	No	No	No	No	Aye	No	No	No	Aye	No	Aye	Aye
72	Bill Wiggin	Conservative	North Herefordshire	No	No	Aye	Aye	No	No	No	No	No	Aye	No	No	No	Aye	No	Aye	No	Aye	Aye
73	Bim Afolami	Conservative	Hitchin and Harpenden	No	No	Aye	Aye	No	Aye	Aye	Aye	No	No Vote Recorded	No Vote Recorded	Aye	No	No	No	Aye	No Vote Recorded	Aye	Aye
74	Bob Blackman	Conservative	Harrow East	No	No	Aye	No	No	No	No	No	No	Aye	No	Aye	No	Aye	No	Aye	No	Aye	Aye
75	Bob Seely	Conservative	Isle of Wight	No	No	Aye	Aye	No	Aye	Aye	No	No	No	No	No	No	Aye	No	Aye	No	Aye	Aye
76	Bob Stewart	Conservative	Beckenham	No	No	Aye	No	No	No	No	No	No	Aye	No	No	No	Aye	No	No Vote Recorded	No	No	Aye
77	Boris Johnson	Conservative	Uxbridge and South Ruislip	No	No	Aye	No Vote Recorded	No	No	No	No	No	Aye	No	No	No	Aye	No	No Vote Recorded	No	No	Aye
78	Brandon Lewis	Conservative	Great Yarmouth	No	No	Aye	Aye	No	Aye	Aye	No Vote Recorded	No Vote Recorded	No Vote Recorded	No Vote Recorded	No Vote Recorded	No Vote Recorded	No Vote Recorded	No Vote Recorded	Aye	No	Aye	Aye
79	Brendan O'Hara	Scottish National Party	Argyll and Bute	Aye	Aye	No	Aye	Aye	Aye	No	No Vote Recorded	Aye	No	No Vote Recorded	No	No Vote Recorded	No	Aye	No	Aye	No	No
80	Bridget Phillipson	Labour	Houghton and Sunderland South	Aye	Aye	No	Aye	Aye	Aye	No	No Vote Recorded	Aye	No	Aye	No	Aye	No	No Vote Recorded	No	Aye	No	No
81	Carol Monaghan	Scottish National Party	Glasgow North West	Aye	Aye	No	Aye	Aye	Aye	No	No Vote Recorded	Aye	No	No Vote Recorded	No	No Vote Recorded	No	Aye	No	Aye	No	No
82	Caroline Dinenage	Conservative	Gosport	No	No	Aye	Aye	No	No	Aye	No	No	Aye	No	No	No	Aye	No	Aye	No	Aye	Aye
83	Caroline Flint	Labour	Don Valley	No	No	No Vote Recorded	Aye	Aye	Aye	No	No	No	No	No Vote Recorded	No	Aye	No	No	No Vote Recorded	Aye	Aye	Aye
84	Caroline Johnson	Conservative	Sleaford and North Hykeham	No	No	Aye	Aye	No	No	Aye	No	No	Aye	No	No	No	Aye	No	Aye	No	Aye	Aye
85	Caroline Lucas	Green Party	Brighton, Pavilion	Aye	Aye	No	Aye	Aye	Aye	No	No	Aye	No	No	No	No	No	Aye	No	Aye	No	No
86	Caroline Nokes	Conservative	Romsey and Southampton North	No	No	Aye	Aye	No	Aye	Aye	No Vote Recorded	No Vote Recorded	No Vote Recorded	No Vote Recorded	No Vote Recorded	No Vote Recorded	No Vote Recorded	No Vote Recorded	Aye	No	Aye	Aye
87	Caroline Spelman	Conservative	Meriden	No Vote Recorded	No	Aye	Aye	Aye	Aye	Aye	Aye	No	No	Aye	Aye	No	No	No	Aye	No Vote Recorded	Aye	Aye
88	Carolyn Harris	Labour	Swansea East	Aye	Aye	No	Aye	Aye	Aye	No	Aye	No Vote Recorded	No	Aye	No Vote Recorded	Aye	No	No Vote Recorded	No	Aye	No	No
89	Cat Smith	Labour	Lancaster and Fleetwood	Aye	Aye	No	Aye	Aye	Aye	No	Aye	Aye	No	Aye	No Vote Recorded	Aye	No	No Vote Recorded	No	Aye	No	No
90	Catherine McKinnell	Labour	Newcastle upon Tyne North	Aye	Aye	No	Aye	Aye	Aye	No	No Vote Recorded	Aye	No	Aye	No	Aye	No	Aye	No	Aye	No	No
91	Catherine West	Labour	Hornsey and Wood Green	Aye	Aye	No	Aye	Aye	Aye	No	No Vote Recorded	Aye	No	Aye	No	Aye	No	Aye	No	Aye	No	No
92	Charles Walker	Conservative	Broxbourne	No	No	Aye	No Vote Recorded	No	No Vote Recorded	Aye	No	No	No	No	No	No	No	No	Aye	No	Aye	Aye
93	Charlie Elphicke	Conservative	Dover	No	No	Aye	No Vote Recorded	No	No	No	No	No	Aye	No	No	No	Aye	No	No Vote Recorded	No	No	Aye
94	Cheryl Gillan	Conservative	Chesham and Amersham	No	No	Aye	No Vote Recorded	No	Aye	Aye	No	No	No	No	No	No	No	No	Aye	No	Aye	Aye
95	Chi Onwurah	Labour	Newcastle upon Tyne Central	Aye	Aye	No	Aye	Aye	Aye	No	Aye	Aye	No	Aye	No	Aye	No	Aye	No	Aye	No	No
96	Chloe Smith	Conservative	Norwich North	No	No	Aye	Aye	No	No	Aye	No	No	No Vote Recorded	No	No	No	No Vote Recorded	No	Aye	No	Aye	Aye
97	Chris Bryant	Labour	Rhondda	Aye	Aye	No	Aye	Aye	Aye	No	Aye	Aye	No	Aye	No	Aye	No	No Vote Recorded	No Vote Recorded	Aye	No	No
98	Chris Davies	Conservative	Brecon and Radnorshire	No	No	Aye	No Vote Recorded	No	No	Aye	No	No	Aye	No	Aye	No	Aye	No	Aye	No	Aye	Aye
99	Chris Elmore	Labour	Ogmore	Aye	Aye	No	Aye	Aye	Aye	No	No Vote Recorded	Aye	No	Aye	No	Aye	No	Aye	No	Aye	No	No
100	Chris Evans	Labour	Islwyn	Aye	Aye	No	Aye	Aye	Aye	No	Aye	No Vote Recorded	No	Aye	No Vote Recorded	Aye	No	No Vote Recorded	No	Aye	No	No
101	Chris Grayling	Conservative	Epsom and Ewell	No	No	Aye	Aye	No	No	Aye	No Vote Recorded	No Vote Recorded	No Vote Recorded	No Vote Recorded	No Vote Recorded	No Vote Recorded	No Vote Recorded	No Vote Recorded	Aye	No	Aye	Aye
102	Chris Green	Conservative	Bolton West	No	No	Aye	No Vote Recorded	No	No	No	No	No	Aye	No	No	No	Aye	No	No Vote Recorded	No	No	Aye
103	Chris Hazzard	Sinn F?in	South Down	No Vote Recorded	No Vote Recorded	No Vote Recorded	No Vote Recorded	No Vote Recorded	No Vote Recorded	No Vote Recorded	No Vote Recorded	No Vote Recorded	No Vote Recorded	No Vote Recorded	No Vote Recorded	No Vote Recorded	No Vote Recorded	No Vote Recorded	No Vote Recorded	No Vote Recorded	No Vote Recorded	No Vote Recorded
104	Chris Heaton-Harris	Conservative	Daventry	No	No	Aye	Aye	No	No	Aye	No	No	No	No	No	No	Aye	No	Aye	No	Aye	Aye
105	Chris Law	Scottish National Party	Dundee West	Aye	Aye	No	Aye	Aye	Aye	No	No Vote Recorded	Aye	No	No Vote Recorded	No	No Vote Recorded	No	Aye	No	Aye	No	No
106	Chris Leslie	Independent	Nottingham East	Aye	Aye	No	Aye	Aye	Aye	No	No	Aye	No	No	No	No	No	Aye	No	Aye	No	No
107	Chris Philp	Conservative	Croydon South	No	No	Aye	Aye	No	No	Aye	No	No	Aye	No	No	No	No Vote Recorded	No	Aye	No	Aye	Aye
108	Chris Ruane	Labour	Vale of Clwyd	Aye	Aye	No	Aye	Aye	Aye	No	Aye	Aye	No	Aye	No	Aye	No	No Vote Recorded	No	Aye	No	No
109	Chris Skidmore	Conservative	Kingswood	No	No	Aye	Aye	No	No	Aye	No	No	No	No	No	No	No	No	Aye	No	Aye	Aye
110	Chris Stephens	Scottish National Party	Glasgow South West	Aye	Aye	No	Aye	Aye	Aye	No	No Vote Recorded	Aye	No	No Vote Recorded	No	No Vote Recorded	No	Aye	No	Aye	No	No
111	Chris Williamson	Independent	Derby North	Aye	Aye	No	No Vote Recorded	Aye	Aye	No	No	No	No	Aye	No Vote Recorded	Aye	No Vote Recorded	No	No	Aye	No	No
112	Christian Matheson	Labour	City of Chester	Aye	Aye	No	Aye	Aye	Aye	No	No	Aye	No	Aye	No	Aye	No	Aye	No	Aye	No	No
113	Christina Rees	Labour	Neath	Aye	Aye	No	Aye	Aye	Aye	No	Aye	Aye	No	Aye	No Vote Recorded	Aye	No	No Vote Recorded	No	Aye	No	No
114	Christine Jardine	Liberal Democrat	Edinburgh West	Aye	Aye	No	Aye	Aye	Aye	No	No Vote Recorded	Aye	No	No Vote Recorded	No Vote Recorded	No Vote Recorded	No	Aye	No	Aye	No	No
115	Christopher Chope	Conservative	Christchurch	No	No	No Vote Recorded	No	No	No	No	No	No	Aye	No	No	No	Aye	No	No	No	No	No
116	Christopher Pincher	Conservative	Tamworth	No	No	Aye	Aye	No	No	Aye	No	No	Aye	No	No	No	Aye	No	Aye	No	Aye	Aye
117	Chuka Umunna	Independent	Streatham	Aye	Aye	No	Aye	Aye	Aye	No	No	Aye	No	No	No	No	No	Aye	No	Aye	No	No
118	Claire Perry	Conservative	Devizes	No	No	Aye	Aye	No	Aye	Aye	No Vote Recorded	No Vote Recorded	No Vote Recorded	No Vote Recorded	No Vote Recorded	No Vote Recorded	No Vote Recorded	No Vote Recorded	Aye	No Vote Recorded	Aye	Aye
119	Clive Betts	Labour	Sheffield South East	Aye	Aye	No	Aye	Aye	Aye	No	Aye	Aye	No	Aye	No	Aye	No	Aye	No	Aye	No	No
120	Clive Efford	Labour	Eltham	Aye	Aye	No	Aye	Aye	Aye	No	Aye	Aye	No	Aye	No	Aye	No	Aye	No	Aye	No	No
121	Clive Lewis	Labour	Norwich South	Aye	Aye	No	Aye	Aye	Aye	No	No	Aye	No	Aye	No	Aye	No	Aye	No	Aye	No	No
122	Colin Clark	Conservative	Gordon	No	No	Aye	Aye	No	No	Aye	No	No	No Vote Recorded	No Vote Recorded	No Vote Recorded	No	No	No	Aye	No	Aye	Aye
123	Colleen Fletcher	Labour	Coventry North East	Aye	Aye	No	Aye	Aye	Aye	No	Aye	Aye	No	Aye	No Vote Recorded	Aye	No	No Vote Recorded	No	Aye	No	No
124	Conor Burns	Conservative	Bournemouth West	No	No	Aye	No Vote Recorded	No	No	No	No	No	Aye	No	No	No	Aye	No	No Vote Recorded	No	No	Aye
125	Conor McGinn	Labour	St Helens North	Aye	Aye	No	Aye	Aye	Aye	No	Aye	Aye	No	Aye	No Vote Recorded	Aye	No	No Vote Recorded	No	Aye	No	No
126	Craig Mackinlay	Conservative	South Thanet	No	No	Aye	No Vote Recorded	No	No	No	No	No	Aye	No	No	No	Aye	No	No Vote Recorded	No	No	No
127	Craig Tracey	Conservative	North Warwickshire	No	No	Aye	No Vote Recorded	No	No	No	No	No	No	No	No	No	Aye	No	Aye	No	No	Aye
128	Craig Whittaker	Conservative	Calder Valley	No	No	Aye	Aye	No	No	Aye	No	No	No	No	No	No	Aye	No	Aye	No	Aye	Aye
129	Crispin Blunt	Conservative	Reigate	No	No	Aye	No Vote Recorded	No	No	No	No	No	Aye	No	No	No	Aye	No	No Vote Recorded	No	No	Aye
130	Damian Collins	Conservative	Folkestone and Hythe	Aye	No	Aye	Aye	No	No	No	Aye	No	No	No	Aye	No	No	No	Aye	No	No	Aye
131	Damian Green	Conservative	Ashford	Aye	No	Aye	Aye	No	Aye	Aye	No	No	No Vote Recorded	Aye	Aye	No	No	No	Aye	No Vote Recorded	Aye	Aye
132	Damian Hinds	Conservative	East Hampshire	No	No	Aye	Aye	No	Aye	Aye	No Vote Recorded	No Vote Recorded	No Vote Recorded	No Vote Recorded	No Vote Recorded	No Vote Recorded	No Vote Recorded	No Vote Recorded	Aye	No	Aye	Aye
133	Damien Moore	Conservative	Southport	No	No	Aye	Aye	No	No	No	No	No	No	No	No	No	No	No	Aye	No	Aye	Aye
134	Dan Carden	Labour	Liverpool, Walton	Aye	Aye	No	Aye	Aye	Aye	No	Aye	Aye	No	Aye	No Vote Recorded	Aye	No	No Vote Recorded	No	Aye	No	No
135	Dan Jarvis	Labour	Barnsley Central	Aye	Aye	No	Aye	Aye	Aye	No	Aye	No	No	Aye	No Vote Recorded	Aye	No	No Vote Recorded	No	Aye	No	No
136	Dan Poulter	Conservative	Central Suffolk and North Ipswich	No	No	Aye	Aye	No	Aye	Aye	No	No	No	No	Aye	No	Aye	No	Aye	No	Aye	Aye
137	Daniel Kawczynski	Conservative	Shrewsbury and Atcham	No	No	Aye	Aye	No	No	No	No	No	No	No	No	No	Aye	No	Aye	No	No	Aye
138	Daniel Zeichner	Labour	Cambridge	Aye	Aye	No	Aye	Aye	Aye	No	No	Aye	No	No Vote Recorded	No	No Vote Recorded	No	Aye	No	Aye	No	No
139	Danielle Rowley	Labour	Midlothian	Aye	Aye	No	Aye	Aye	Aye	No	Aye	Aye	No	Aye	No Vote Recorded	Aye	No	Aye	No	Aye	No	No
140	Darren Jones	Labour	Bristol North West	Aye	Aye	No	Aye	Aye	Aye	No	No Vote Recorded	Aye	No	Aye	No	Aye	No	Aye	No	Aye	No	No
141	David Amess	Conservative	Southend West	No	No	Aye	No Vote Recorded	No	No	No	No	No	Aye	No	No	No	Aye	No	No Vote Recorded	No	Aye	Aye
142	David Crausby	Labour	Bolton North East	Aye	Aye	No	Aye	Aye	Aye	No	Aye	Aye	No	Aye	No	Aye	No	Aye	No	Aye	No	No
143	David Davis	Conservative	Haltemprice and Howden	No	No	Aye	Aye	No	Aye	No	No	No	No	No	No	No	Aye	No	Aye	No	Aye	Aye
144	David Drew	Labour	Stroud	Aye	Aye	No	Aye	Aye	Aye	No	Aye	Aye	No	Aye	No Vote Recorded	Aye	No	Aye	No	Aye	No	No
145	David Duguid	Conservative	Banff and Buchan	No	No	Aye	Aye	No	Aye	Aye	No	No	No	No	Aye	No	No	No	Aye	No	Aye	Aye
146	David Evennett	Conservative	Bexleyheath and Crayford	No	No	Aye	Aye	No	No	No	No	No	No	No	No	No	No Vote Recorded	No	Aye	No	Aye	Aye
147	David Gauke	Conservative	South West Hertfordshire	No	No	Aye	Aye	No	Aye	Aye	No Vote Recorded	No Vote Recorded	No Vote Recorded	No Vote Recorded	No Vote Recorded	No Vote Recorded	No Vote Recorded	No Vote Recorded	Aye	No Vote Recorded	Aye	Aye
148	David Hanson	Labour	Delyn	Aye	Aye	No	Aye	Aye	Aye	No	Aye	Aye	No	Aye	No	Aye	No	No Vote Recorded	No	Aye	No	No
149	David Jones	Conservative	Clwyd West	No	No	Aye	No Vote Recorded	No	No	No	No	No	Aye	No	No	No	Aye	No	No Vote Recorded	No	No	No
150	David Lammy	Labour	Tottenham	Aye	Aye	No	Aye	Aye	Aye	No	No Vote Recorded	Aye	No	No Vote Recorded	No	Aye	No	Aye	No	Aye	No	No
151	David Lidington	Conservative	Aylesbury	No	No	Aye	Aye	No	Aye	Aye	No Vote Recorded	No Vote Recorded	No Vote Recorded	No Vote Recorded	No Vote Recorded	No Vote Recorded	No Vote Recorded	No Vote Recorded	Aye	No	Aye	Aye
152	David Linden	Scottish National Party	Glasgow East	Aye	Aye	No	Aye	Aye	Aye	No	No Vote Recorded	Aye	No	No Vote Recorded	No	No Vote Recorded	No	Aye	No	Aye	No	No
153	David Morris	Conservative	Morecambe and Lunesdale	No	No	Aye	Aye	No	No	Aye	No	No	No	No	No	No	No	No	Aye	No	Aye	Aye
154	David Mundell	Conservative	Dumfriesshire, Clydesdale and Tweeddale	No	No	Aye	Aye	No	Aye	Aye	No Vote Recorded	No Vote Recorded	No Vote Recorded	No Vote Recorded	No Vote Recorded	No Vote Recorded	No Vote Recorded	No Vote Recorded	Aye	No Vote Recorded	Aye	Aye
155	David Rutley	Conservative	Macclesfield	No	No	Aye	Aye	No	Aye	Aye	No Vote Recorded	No Vote Recorded	No Vote Recorded	No Vote Recorded	No Vote Recorded	No Vote Recorded	No Vote Recorded	No Vote Recorded	Aye	No	Aye	Aye
156	David Simpson	Democratic Unionist Party	Upper Bann	No	No	Aye	No Vote Recorded	No	No	No	No Vote Recorded	No	Aye	No	No Vote Recorded	No	No Vote Recorded	No	Aye	No	No	No
157	David T. C. Davies	Conservative	Monmouth	No	No	Aye	No	No	No	Aye	No	No	Aye	No	No	No	Aye	No	Aye	No	Aye	Aye
158	David Tredinnick	Conservative	Bosworth	No	No	Aye	Aye	No	Aye	Aye	Aye	No	No	No	Aye	No	No	No	Aye	No	Aye	Aye
159	David Warburton	Conservative	Somerton and Frome	No	No	Aye	Aye	No	No	Aye	No	No	Aye	No	Aye	No	Aye	No	Aye	No	Aye	Aye
160	Dawn Butler	Labour	Brent Central	Aye	Aye	No	Aye	Aye	Aye	No	No Vote Recorded	Aye	No	Aye	No	Aye	No	No Vote Recorded	No	Aye	No	No
161	Debbie Abrahams	Labour	Oldham East and Saddleworth	Aye	Aye	No	Aye	Aye	Aye	No	No Vote Recorded	Aye	No	Aye	No	Aye	No	No Vote Recorded	No	Aye	No	No
162	Deidre Brock	Scottish National Party	Edinburgh North and Leith	Aye	Aye	No	Aye	Aye	Aye	No	No Vote Recorded	Aye	No	No Vote Recorded	No	No Vote Recorded	No	Aye	No	Aye	No	No
163	Dennis Skinner	Labour	Bolsover	Aye	Aye	No	Aye	Aye	Aye	No	No	No	No	No	Aye	Aye	Aye	No	No	Aye	No	No Vote Recorded
164	Derek Thomas	Conservative	St Ives	No	No	Aye	Aye	No	No	No	No	No	Aye	No	Aye	No	Aye	No	Aye	No	Aye	Aye
165	Derek Twigg	Labour	Halton	Aye	Aye	No	Aye	Aye	Aye	No	No	No	No	Aye	No	Aye	No	No	No	Aye	No	No
166	Desmond Swayne	Conservative	New Forest West	No	No	Aye	No	No	No	Aye	No	No	Aye	No	No	No	Aye	No	Aye	No	Aye	Aye
167	Diana Johnson	Labour	Kingston upon Hull North	Aye	Aye	No	Aye	Aye	Aye	No	Aye	Aye	No	Aye	No	Aye	No	No Vote Recorded	No	Aye	No	No
168	Diane Abbott	Labour	Hackney North and Stoke Newington	Aye	Aye	No	Aye	Aye	Aye	No	Aye	Aye	No	Aye	No Vote Recorded	Aye	No	No Vote Recorded	No	Aye	No	No
169	Dominic Grieve	Conservative	Beaconsfield	Aye	Aye	No	Aye	Aye	Aye	No	No Vote Recorded	Aye	No	No Vote Recorded	No	No	No	Aye	No Vote Recorded	Aye	No	No
170	Dominic Raab	Conservative	Esher and Walton	No	No	Aye	No Vote Recorded	No	No	No	No	No	Aye	No	No	No	Aye	No	No Vote Recorded	No	No	Aye
171	Douglas Chapman	Scottish National Party	Dunfermline and West Fife	Aye	Aye	No	Aye	Aye	Aye	No	No Vote Recorded	Aye	No	No Vote Recorded	No	No Vote Recorded	No	Aye	No	Aye	No	No
172	Douglas Ross	Conservative	Moray	No	No	Aye	Aye	No	No	No	No	No	No Vote Recorded	No	No	No	No Vote Recorded	No	No Vote Recorded	No	No Vote Recorded	Aye
173	Drew Hendry	Scottish National Party	Inverness, Nairn, Badenoch and Strathspey	Aye	Aye	No	Aye	Aye	Aye	No	No Vote Recorded	Aye	No	No Vote Recorded	No	No Vote Recorded	No	Aye	No	Aye	No	No
174	Eddie Hughes	Conservative	Walsall North	No	No	Aye	Aye	No	No	No	No	No	Aye	No	No	No	Aye	No	Aye	No	No	Aye
175	Edward Argar	Conservative	Charnwood	No	No	Aye	Aye	No	Aye	Aye	No	No	No	No	No	No	No Vote Recorded	No	Aye	No	Aye	Aye
176	Edward Davey	Liberal Democrat	Kingston and Surbiton	Aye	Aye	No	Aye	Aye	Aye	No	No Vote Recorded	Aye	No	No Vote Recorded	No Vote Recorded	No Vote Recorded	No	Aye	No	Aye	No	No
177	Edward Leigh	Conservative	Gainsborough	No	No	Aye	No Vote Recorded	No	No	Aye	No	No	Aye	No	No	No	Aye	No	Aye	No	Aye	Aye
178	Edward Miliband	Labour	Doncaster North	Aye	Aye	No	Aye	Aye	Aye	No	Aye	Aye	No	Aye	No Vote Recorded	Aye	No	No Vote Recorded	No	Aye	No	No
179	Edward Vaizey	Conservative	Wantage	Aye	Aye	Aye	Aye	Aye	Aye	Aye	Aye	No Vote Recorded	No	Aye	Aye	No	No	No Vote Recorded	Aye	Aye	Aye	Aye
180	Eleanor Laing	Deputy Speaker	Epping Forest	No Vote Recorded	No Vote Recorded	No Vote Recorded	No Vote Recorded	No Vote Recorded	No Vote Recorded	No Vote Recorded	No Vote Recorded	No Vote Recorded	No Vote Recorded	No Vote Recorded	No Vote Recorded	No Vote Recorded	No Vote Recorded	No Vote Recorded	No Vote Recorded	No Vote Recorded	No Vote Recorded	No Vote Recorded
181	Eleanor Smith	Labour	Wolverhampton South West	Aye	Aye	No	Aye	Aye	Aye	No	Aye	Aye	No	Aye	No Vote Recorded	Aye	No	No Vote Recorded	No	Aye	No	No
182	Elisha McCallion	Sinn F?in	Foyle	No Vote Recorded	No Vote Recorded	No Vote Recorded	No Vote Recorded	No Vote Recorded	No Vote Recorded	No Vote Recorded	No Vote Recorded	No Vote Recorded	No Vote Recorded	No Vote Recorded	No Vote Recorded	No Vote Recorded	No Vote Recorded	No Vote Recorded	No Vote Recorded	No Vote Recorded	No Vote Recorded	No Vote Recorded
183	Elizabeth Truss	Conservative	South West Norfolk	No	No	Aye	Aye	No	No	Aye	No Vote Recorded	No Vote Recorded	No Vote Recorded	No Vote Recorded	No Vote Recorded	No Vote Recorded	No Vote Recorded	No Vote Recorded	Aye	No	Aye	Aye
184	Ellie Reeves	Labour	Lewisham West and Penge	Aye	Aye	No	Aye	Aye	Aye	No	No Vote Recorded	Aye	No	Aye	No	Aye	No	Aye	No	Aye	No	No
185	Emily Thornberry	Labour	Islington South and Finsbury	Aye	Aye	No	Aye	Aye	Aye	No	Aye	Aye	No	Aye	No Vote Recorded	Aye	No	No Vote Recorded	No	Aye	No	No
186	Emma Dent Coad	Labour	Kensington	Aye	Aye	No	Aye	Aye	Aye	No	No	Aye	No	Aye	No	Aye	No	Aye	No	Aye	No	No
187	Emma Hardy	Labour	Kingston upon Hull West and Hessle	Aye	Aye	No	Aye	Aye	Aye	No	Aye	Aye	No	Aye	No Vote Recorded	Aye	No	No Vote Recorded	No	Aye	No	No
188	Emma Lewell-Buck	Labour	South Shields	Aye	Aye	No	No Vote Recorded	Aye	Aye	No	No Vote Recorded	No	No	Aye	No Vote Recorded	Aye	No	No Vote Recorded	No	Aye	No	No
189	Emma Little Pengelly	Democratic Unionist Party	Belfast South	No	No	Aye	No Vote Recorded	No	No	No	No Vote Recorded	No	Aye	No	No Vote Recorded	No	No Vote Recorded	No	Aye	No	No	No
190	Emma Reynolds	Labour	Wolverhampton North East	Aye	Aye	No	Aye	Aye	Aye	No	Aye	Aye	No	Aye	No	Aye	No	No Vote Recorded	No	Aye	No	No
191	Esther McVey	Conservative	Tatton	No	No	Aye	No	No	No	No	No	No	Aye	No	No	No	Aye	No	No Vote Recorded	No	No	Aye
192	Fabian Hamilton	Labour	Leeds North East	Aye	Aye	No	Aye	Aye	Aye	No	No Vote Recorded	Aye	No	Aye	No	Aye	No	Aye	No	Aye	No	No
193	Faisal Rashid	Labour	Warrington South	Aye	Aye	No	Aye	Aye	Aye	No	Aye	Aye	No	Aye	No Vote Recorded	Aye	No	Aye	No	Aye	No	No
194	Fiona Bruce	Conservative	Congleton	No	No	Aye	No Vote Recorded	No	No	No	No	No	Aye	No	No	No	Aye	No	Aye	No	Aye	Aye
195	Fiona Onasanya	Independent	Peterborough	Aye	No Vote Recorded	No Vote Recorded	No Vote Recorded	No Vote Recorded	No Vote Recorded	No	Aye	Aye	No	No	No	No Vote Recorded	No	No Vote Recorded	No Vote Recorded	Aye	No	No
196	Francie Molloy	Sinn F?in	Mid Ulster	No Vote Recorded	No Vote Recorded	No Vote Recorded	No Vote Recorded	No Vote Recorded	No Vote Recorded	No Vote Recorded	No Vote Recorded	No Vote Recorded	No Vote Recorded	No Vote Recorded	No Vote Recorded	No Vote Recorded	No Vote Recorded	No Vote Recorded	No Vote Recorded	No Vote Recorded	No Vote Recorded	No Vote Recorded
197	Frank Field	Independent	Birkenhead	No Vote Recorded	No	Aye	No Vote Recorded	No	No	Aye	No	No	No	No	No	No	No	No	Aye	No Vote Recorded	Aye	Aye
198	Gareth Johnson	Conservative	Dartford	No	No	Aye	No	No	No	No	No	No	Aye	No	No	No	Aye	No	Aye	No	No	Aye
199	Gareth Snell	Labour	Stoke-on-Trent Central	No	No Vote Recorded	No Vote Recorded	Aye	Aye	Aye	No	No	No	No	Aye	No	Aye	No	No	No	Aye	No	No
200	Gareth Thomas	Labour	Harrow West	Aye	Aye	No	Aye	Aye	Aye	No	Aye	Aye	No	Aye	No	Aye	No	Aye	No	Aye	No	No
201	Gary Streeter	Conservative	South West Devon	No	No	Aye	Aye	No	Aye	Aye	No	No	No	No	Aye	No	No	No	Aye	No Vote Recorded	Aye	Aye
202	Gavin Newlands	Scottish National Party	Paisley and Renfrewshire North	Aye	Aye	No	Aye	Aye	Aye	No	No Vote Recorded	Aye	No	No Vote Recorded	No	No Vote Recorded	No	Aye	No	Aye	No	No
203	Gavin Robinson	Democratic Unionist Party	Belfast East	No	No	Aye	Aye	No	No	No	No Vote Recorded	No	Aye	No	No Vote Recorded	No	No Vote Recorded	No	Aye	No	No	No
204	Gavin Shuker	Independent	Luton South	Aye	Aye	No	Aye	Aye	No Vote Recorded	No	No	Aye	No	No	No	No	No	Aye	No	Aye	No	No
205	Gavin Williamson	Conservative	South Staffordshire	No	No	Aye	Aye	No	No	Aye	No Vote Recorded	No Vote Recorded	No Vote Recorded	No Vote Recorded	No Vote Recorded	No Vote Recorded	No Vote Recorded	No Vote Recorded	Aye	No	Aye	Aye
206	Ged Killen	Labour	Rutherglen and Hamilton West	Aye	Aye	No	Aye	Aye	Aye	No	No Vote Recorded	Aye	No	Aye	No	Aye	No	Aye	No	Aye	No	No
207	Geoffrey Clifton-Brown	Conservative	The Cotswolds	No	No	Aye	No Vote Recorded	No	No	Aye	No	No	Aye	No	No	No	Aye	No	No Vote Recorded	No	Aye	Aye
208	Geoffrey Cox	Conservative	Torridge and West Devon	No	No	Aye	No Vote Recorded	No	Aye	Aye	No Vote Recorded	No Vote Recorded	No Vote Recorded	No Vote Recorded	No Vote Recorded	No Vote Recorded	No Vote Recorded	No Vote Recorded	Aye	No	Aye	Aye
209	Geoffrey Robinson	Labour	Coventry North West	Aye	Aye	No	Aye	Aye	Aye	No	Aye	Aye	No	Aye	No Vote Recorded	Aye	No	No	No	Aye	No	No
210	George Eustice	Conservative	Camborne and Redruth	No Vote Recorded	No	Aye	Aye	No	No	Aye	Aye	No	Aye	No	Aye	No	Aye	No	Aye	No	Aye	Aye
211	George Freeman	Conservative	Mid Norfolk	Aye	Aye	Aye	Aye	No	Aye	Aye	Aye	No Vote Recorded	No	Aye	Aye	No	No Vote Recorded	No	Aye	Aye	Aye	Aye
212	George Hollingbery	Conservative	Meon Valley	No	No	Aye	Aye	No	Aye	Aye	No	No	Aye	No	No	No	No	No	Aye	No	Aye	Aye
213	George Howarth	Labour	Knowsley	Aye	Aye	No	Aye	Aye	Aye	No	Aye	Aye	No	Aye	No	Aye	No	Aye	No	Aye	No	No
214	Geraint Davies	Labour	Swansea West	Aye	Aye	No	Aye	Aye	Aye	No	No Vote Recorded	Aye	No	Aye	No	Aye	No	Aye	No	Aye	No	No
215	Gerald Jones	Labour	Merthyr Tydfil and Rhymney	Aye	Aye	No	Aye	Aye	Aye	No	Aye	Aye	No	Aye	No Vote Recorded	Aye	No	No Vote Recorded	No	Aye	No	No
216	Giles Watling	Conservative	Clacton	No	No	Aye	Aye	No	No	No	No	No	Aye	No	No	No	Aye	No	Aye	No	Aye	Aye
217	Gill Furniss	Labour	Sheffield, Brightside and Hillsborough	Aye	Aye	No	No Vote Recorded	Aye	Aye	No	Aye	Aye	No	Aye	No Vote Recorded	Aye	No	No Vote Recorded	No	Aye	No	No
218	Gillian Keegan	Conservative	Chichester	No	No	Aye	Aye	No	Aye	Aye	No	No	No	No	No Vote Recorded	No	No	No	Aye	No	Aye	Aye
219	Gloria De Piero	Labour	Ashfield	Aye	Aye	No	Aye	Aye	Aye	No	Aye	No Vote Recorded	No	Aye	No Vote Recorded	Aye	No	No Vote Recorded	No	Aye	No	No
220	Glyn Davies	Conservative	Montgomeryshire	No	No	Aye	Aye	No	No	Aye	No	No	Aye	No	Aye	No	Aye	No	Aye	No	Aye	Aye
221	Gordon Henderson	Conservative	Sittingbourne and Sheppey	No	No	Aye	No Vote Recorded	No	No Vote Recorded	No	No	No	Aye	No	Aye	No	Aye	No	Aye	No	No	Aye
222	Gordon Marsden	Labour	Blackpool South	Aye	Aye	No	Aye	Aye	Aye	No	Aye	Aye	No	Aye	No	Aye	No	No	No	Aye	No	No
223	Graham Brady	Conservative	Altrincham and Sale West	No	No	Aye	No Vote Recorded	No	No	No	No	No	No	No	No	No	No	No	Aye	No	Aye	Aye
224	Graham P Jones	Labour	Hyndburn	Aye	Aye	No	Aye	Aye	Aye	No	No Vote Recorded	Aye	No	Aye	No	Aye	No	No Vote Recorded	No	Aye	No	No
225	Graham Stringer	Labour	Blackley and Broughton	No	No	Aye	No Vote Recorded	No	No	No	No	No	Aye	No	No	No Vote Recorded	No Vote Recorded	No	No	No Vote Recorded	No	No
226	Graham Stuart	Conservative	Beverley and Holderness	No	No	Aye	Aye	No	No	Aye	No	No	Aye	No	No	No	Aye	No	Aye	No	Aye	Aye
227	Grahame Morris	Labour	Easington	Aye	Aye	No	No Vote Recorded	No Vote Recorded	Aye	No	No	No	No	No	No	Aye	No	No	No	Aye	No	No
228	Grant Shapps	Conservative	Welwyn Hatfield	No	No	Aye	No Vote Recorded	No	No	No	No	No	Aye	No	No	No	Aye	No	No Vote Recorded	No	No	Aye
229	Greg Clark	Conservative	Tunbridge Wells	No	No	Aye	Aye	No	Aye	Aye	No Vote Recorded	No Vote Recorded	No Vote Recorded	No Vote Recorded	No Vote Recorded	No Vote Recorded	No Vote Recorded	No Vote Recorded	Aye	No Vote Recorded	Aye	Aye
230	Greg Hands	Conservative	Chelsea and Fulham	No	No	Aye	No Vote Recorded	No	No Vote Recorded	No	No	No	No Vote Recorded	No	No	No	No	No	Aye	No	Aye	Aye
231	Greg Knight	Conservative	East Yorkshire	No	No	Aye	No Vote Recorded	No	No	No	No	No	No	No	No	No	Aye	No	Aye	No	Aye	Aye
232	Gregory Campbell	Democratic Unionist Party	East Londonderry	No	No	Aye	No Vote Recorded	No	No	No	No Vote Recorded	No	Aye	No	No Vote Recorded	No	No Vote Recorded	No	Aye	No	No	No
233	Guto Bebb	Conservative	Aberconwy	Aye	Aye	No	Aye	Aye	No Vote Recorded	No	No	Aye	No	Aye	Aye	No	No	Aye	No Vote Recorded	Aye	No	No
234	Guy Opperman	Conservative	Hexham	No	No	Aye	Aye	No	No Vote Recorded	Aye	No	No	No	No	No	No	No	No	Aye	No	Aye	Aye
235	Hannah Bardell	Scottish National Party	Livingston	Aye	Aye	No	Aye	Aye	Aye	No	No Vote Recorded	Aye	No	No Vote Recorded	No	No Vote Recorded	No	Aye	No	Aye	No	No
236	Harriet Harman	Labour	Camberwell and Peckham	Aye	Aye	No	Aye	Aye	Aye	No	Aye	Aye	No	Aye	No	Aye	No	Aye	No	Aye	No	No
237	Harriett Baldwin	Conservative	West Worcestershire	No	No	Aye	Aye	No	No	Aye	No	No	No Vote Recorded	No	No Vote Recorded	No	No Vote Recorded	No	Aye	No	Aye	Aye
238	Heather Wheeler	Conservative	South Derbyshire	No	No	Aye	Aye	No	No	Aye	No	No	Aye	No	No	No	Aye	No	Aye	No	Aye	Aye
239	Heidi Allen	Independent	South Cambridgeshire	Aye	Aye	No	No Vote Recorded	Aye	Aye	No	No	Aye	No Vote Recorded	No	No	No	No	Aye	No Vote Recorded	Aye	No	No
240	Helen Goodman	Labour	Bishop Auckland	Aye	Aye	No	Aye	Aye	Aye	No	Aye	Aye	No	Aye	No	Aye	No	No Vote Recorded	No	Aye	No	No
241	Helen Grant	Conservative	Maidstone and The Weald	No	No	Aye	Aye	No	No	Aye	No	No	No	No	No	No	No	No	Aye	No	Aye	Aye
242	Helen Hayes	Labour	Dulwich and West Norwood	Aye	Aye	No	Aye	Aye	Aye	No	No Vote Recorded	Aye	No	Aye	No	Aye	No	Aye	No	Aye	No	No
243	Helen Jones	Labour	Warrington North	Aye	Aye	No	Aye	Aye	Aye	No	Aye	No	No	Aye	No	Aye	No	No	No	Aye	No	No
244	Helen Whately	Conservative	Faversham and Mid Kent	No	No	Aye	Aye	No	No	Aye	No	No	Aye	No	No	No	Aye	No	Aye	No	Aye	Aye
245	Henry Bellingham	Conservative	North West Norfolk	No	No	Aye	No Vote Recorded	No	No	Aye	No	No	Aye	No	No	No	Aye	No	Aye	No	Aye	Aye
246	Henry Smith	Conservative	Crawley	No	No	Aye	No	No	No	No	No	No	Aye	No	No	No	Aye	No	No Vote Recorded	No	No	Aye
247	Hilary Benn	Labour	Leeds Central	Aye	Aye	No	Aye	Aye	Aye	No	Aye	Aye	No	Aye	No Vote Recorded	Aye	No	No Vote Recorded	No	Aye	No	No
248	Holly Lynch	Labour	Halifax	Aye	Aye	No	Aye	Aye	Aye	No	Aye	Aye	No	Aye	No Vote Recorded	Aye	No	No Vote Recorded	No	Aye	No	No
249	Hugh Gaffney	Labour	Coatbridge, Chryston and Bellshill	Aye	Aye	No	Aye	Aye	Aye	No	Aye	Aye	No	Aye	No Vote Recorded	Aye	No	Aye	No	Aye	No	No
250	Hugo Swire	Conservative	East Devon	No	No	Aye	No Vote Recorded	No	Aye	No	No	No	No Vote Recorded	No	No	No	No	No	Aye	No	Aye	Aye
251	Huw Merriman	Conservative	Bexhill and Battle	No	No	Aye	No Vote Recorded	No	No	Aye	No	Aye	No	No	No	No	Aye	No	Aye	No	Aye	Aye
252	Hywel Williams	Plaid Cymru	Arfon	Aye	Aye	No	Aye	Aye	Aye	No	Aye	Aye	No	No Vote Recorded	No Vote Recorded	No Vote Recorded	No	Aye	No	Aye	No	No
253	Iain Duncan Smith	Conservative	Chingford and Woodford Green	No	No	Aye	No Vote Recorded	No	No	No	No	No	Aye	No	No	No	Aye	No	No Vote Recorded	No	No	Aye
254	Iain Stewart	Conservative	Milton Keynes South	No	No	Aye	Aye	No	No	Aye	No	No	Aye	No	No	No	Aye	No	Aye	No	Aye	Aye
255	Ian Austin	Independent	Dudley North	No	No	Aye	No Vote Recorded	Aye	No Vote Recorded	Aye	Aye	No	No	Aye	No Vote Recorded	Aye	No	No Vote Recorded	Aye	Aye	Aye	Aye
256	Ian Blackford	Scottish National Party	Ross, Skye and Lochaber	Aye	Aye	No	Aye	Aye	Aye	No	No Vote Recorded	Aye	No	No Vote Recorded	No	No Vote Recorded	No	Aye	No	Aye	No	No
257	Ian C. Lucas	Labour	Wrexham	Aye	Aye	No	Aye	Aye	Aye	No	Aye	Aye	No	Aye	No	Aye	No	No	No	Aye	No	No
258	Ian Lavery	Labour	Wansbeck	Aye	Aye	No	Aye	Aye	Aye	No	Aye	No Vote Recorded	Aye	Aye	No Vote Recorded	Aye	No	No Vote Recorded	No	Aye	No	No
259	Ian Liddell-Grainger	Conservative	Bridgwater and West Somerset	No	No	Aye	Aye	No	No	No	No	No	No	No	No	No	Aye	No	Aye	No	No	Aye
260	Ian Mearns	Labour	Gateshead	Aye	Aye	No	Aye	Aye	Aye	No	Aye	No Vote Recorded	No	Aye	No Vote Recorded	Aye	No	No Vote Recorded	No	Aye	No	No
261	Ian Murray	Labour	Edinburgh South	Aye	Aye	No	Aye	Aye	Aye	No	Aye	Aye	No	Aye	No	No Vote Recorded	No	Aye	No	Aye	No	No
262	Ian Paisley	Democratic Unionist Party	North Antrim	No	No	Aye	No Vote Recorded	No	No	No	No Vote Recorded	No	Aye	No	No Vote Recorded	No	No Vote Recorded	No	Aye	No	No	No
263	Imran Hussain	Labour	Bradford East	Aye	Aye	No	Aye	Aye	Aye	No	Aye	Aye	No	Aye	No Vote Recorded	Aye	No	No Vote Recorded	No	Aye	No	No
264	Ivan Lewis	Independent	Bury South	Aye	Aye	No Vote Recorded	Aye	Aye	Aye	No	Aye	No	No	Aye	No	Aye	No	No Vote Recorded	No Vote Recorded	Aye	No	No
265	Jack Brereton	Conservative	Stoke-on-Trent South	No	No	Aye	Aye	No	No	Aye	No	No	Aye	No	No	No	Aye	No	Aye	No	Aye	Aye
266	Jack Dromey	Labour	Birmingham, Erdington	Aye	Aye	No	Aye	Aye	Aye	No	Aye	Aye	No	Aye	No	Aye	No	No Vote Recorded	No	Aye	No	No
267	Jack Lopresti	Conservative	Filton and Bradley Stoke	No	No	Aye	Aye	No	No	Aye	No	No	No	No	No	No	Aye	No	Aye	No	Aye	Aye
268	Jackie Doyle-Price	Conservative	Thurrock	No	No	Aye	No Vote Recorded	No	No	Aye	No	No	No	No	No	No	Aye	No	Aye	No	Aye	Aye
269	Jacob Rees-Mogg	Conservative	North East Somerset	No	No	Aye	No Vote Recorded	No	No	No	No	No	Aye	No	No	No	Aye	No	No Vote Recorded	No	No	Aye
270	Jake Berry	Conservative	Rossendale and Darwen	No	No	Aye	Aye	No	No	Aye	No	No	No	No	No	No	Aye	No	Aye	No	Aye	Aye
271	James Brokenshire	Conservative	Old Bexley and Sidcup	No	No	Aye	Aye	No	Aye	Aye	No Vote Recorded	No Vote Recorded	No Vote Recorded	No Vote Recorded	No Vote Recorded	No Vote Recorded	No Vote Recorded	No Vote Recorded	Aye	No	Aye	Aye
272	James Cartlidge	Conservative	South Suffolk	No	No	Aye	Aye	No	Aye	Aye	Aye	No	No	No	Aye	No	No	No	Aye	No	Aye	Aye
273	James Cleverly	Conservative	Braintree	No	No	Aye	No Vote Recorded	No	No	Aye	No	No	No	No	No	No	No Vote Recorded	No	Aye	No	Aye	Aye
274	James Duddridge	Conservative	Rochford and Southend East	No	No	Aye	No Vote Recorded	No	No	No	No	No	Aye	No	No	No	Aye	No	No Vote Recorded	No	No	No
275	James Frith	Labour	Bury North	Aye	Aye	No	Aye	Aye	Aye	No	Aye	Aye	No	Aye	No Vote Recorded	Aye	No	Aye	No	Aye	No	No
276	James Gray	Conservative	North Wiltshire	No	No	Aye	No Vote Recorded	No	No	No	No	No	Aye	No	No	No	Aye	No	No Vote Recorded	No	No	Aye
277	James Heappey	Conservative	Wells	No	No	Aye	Aye	No	No	Aye	No	No	No Vote Recorded	No	No	No	No Vote Recorded	No	Aye	No	Aye	Aye
278	James Morris	Conservative	Halesowen and Rowley Regis	No	No	Aye	Aye	No	No	Aye	No	No	No	No	No	No	Aye	No	Aye	No	Aye	Aye
279	Jamie Stone	Liberal Democrat	Caithness, Sutherland and Easter Ross	Aye	Aye	No	No Vote Recorded	Aye	Aye	No	No Vote Recorded	Aye	No	No Vote Recorded	No Vote Recorded	No Vote Recorded	No	Aye	No	Aye	No	No
280	Janet Daby	Labour	Lewisham East	Aye	Aye	No	Aye	Aye	Aye	No	No Vote Recorded	Aye	No	Aye	No	Aye	No	Aye	No	Aye	No	No
281	Jared O'Mara	Independent	Sheffield, Hallam	Aye	No Vote Recorded	No	Aye	Aye	No Vote Recorded	No	No Vote Recorded	No Vote Recorded	No Vote Recorded	No Vote Recorded	No Vote Recorded	No Vote Recorded	No Vote Recorded	No Vote Recorded	No	Aye	No	No
282	Jeff Smith	Labour	Manchester, Withington	Aye	Aye	No	Aye	Aye	Aye	No	Aye	Aye	No	Aye	No	Aye	No	Aye	No	Aye	No	No
283	Jeffrey M. Donaldson	Democratic Unionist Party	Lagan Valley	No	No	Aye	No Vote Recorded	No	No	No	No Vote Recorded	No	Aye	No	No Vote Recorded	No	No Vote Recorded	No	Aye	No	No	No
284	Jenny Chapman	Labour	Darlington	Aye	Aye	No	Aye	Aye	Aye	No	Aye	Aye	No	Aye	No Vote Recorded	Aye	No	No Vote Recorded	No	Aye	No	No
285	Jeremy Corbyn	Labour	Islington North	Aye	Aye	No	Aye	Aye	Aye	No	Aye	Aye	No	Aye	No Vote Recorded	Aye	No	No Vote Recorded	No	Aye	No	No
286	Jeremy Hunt	Conservative	South West Surrey	No	No	Aye	Aye	No	Aye	Aye	No Vote Recorded	No Vote Recorded	No Vote Recorded	No Vote Recorded	No Vote Recorded	No Vote Recorded	No Vote Recorded	No Vote Recorded	Aye	No	Aye	Aye
287	Jeremy Lefroy	Conservative	Stafford	Aye	No	Aye	Aye	Aye	Aye	Aye	Aye	No Vote Recorded	No Vote Recorded	Aye	Aye	No Vote Recorded	No	No Vote Recorded	Aye	No Vote Recorded	Aye	Aye
288	Jeremy Quin	Conservative	Horsham	No	No	Aye	Aye	No	Aye	Aye	No	No	No	No	No	No	No	No	Aye	No	Aye	Aye
289	Jeremy Wright	Conservative	Kenilworth and Southam	No	No	Aye	Aye	No	Aye	Aye	No Vote Recorded	No Vote Recorded	No Vote Recorded	No Vote Recorded	No Vote Recorded	No Vote Recorded	No Vote Recorded	No Vote Recorded	Aye	No	Aye	Aye
290	Jess Phillips	Labour	Birmingham, Yardley	Aye	Aye	No	Aye	Aye	Aye	No	Aye	Aye	No	Aye	No	Aye	No	Aye	No	Aye	No	No
291	Jesse Norman	Conservative	Hereford and South Herefordshire	No	No	Aye	Aye	No	No	Aye	No	No	No	No	No	No	No	No	Aye	No	Aye	Aye
292	Jessica Morden	Labour	Newport East	Aye	Aye	No	Aye	Aye	Aye	No	No Vote Recorded	Aye	No	Aye	No Vote Recorded	Aye	No	No Vote Recorded	No	Aye	No	No
293	Jim Cunningham	Labour	Coventry South	Aye	Aye	No	Aye	Aye	Aye	No	Aye	Aye	No	No	No	Aye	No	No	No	Aye	No	No
294	Jim Fitzpatrick	Labour	Poplar and Limehouse	Aye	Aye	Aye	Aye	Aye	Aye	No	No	No	No	Aye	No	Aye	No	No Vote Recorded	Aye	Aye	No	Aye
295	Jim McMahon	Labour	Oldham West and Royton	Aye	Aye	No	Aye	Aye	Aye	No	Aye	No Vote Recorded	No	Aye	No Vote Recorded	Aye	No	No Vote Recorded	No	Aye	No	No
296	Jim Shannon	Democratic Unionist Party	Strangford	No	No	Aye	No Vote Recorded	No	No	No	No Vote Recorded	No	Aye	No	No Vote Recorded	No	No	No	Aye	No	No	No
297	Jo Churchill	Conservative	Bury St Edmunds	No	No	Aye	Aye	No	No	Aye	No	No	No	No	No	No	No	No	Aye	No	Aye	Aye
298	Jo Platt	Labour	Leigh	Aye	Aye	No	Aye	Aye	Aye	No	Aye	No Vote Recorded	No	Aye	No Vote Recorded	Aye	No	No Vote Recorded	No	Aye	No	No
299	Jo Stevens	Labour	Cardiff Central	Aye	Aye	No	Aye	Aye	Aye	No	No	Aye	No	No Vote Recorded	No	No Vote Recorded	No	Aye	No	Aye	No	No
300	Jo Swinson	Liberal Democrat	East Dunbartonshire	Aye	Aye	No	Aye	Aye	Aye	No	No Vote Recorded	Aye	No	No Vote Recorded	No Vote Recorded	No Vote Recorded	No	Aye	No	Aye	No	No
301	Joan Ryan	Independent	Enfield North	Aye	Aye	No	Aye	Aye	Aye	No	No	Aye	No	No Vote Recorded	No	No	No	Aye	No	Aye	No	No
302	Joanna Cherry	Scottish National Party	Edinburgh South West	Aye	Aye	No	Aye	Aye	Aye	No	No Vote Recorded	Aye	No	No Vote Recorded	No	No Vote Recorded	No	Aye	No	Aye	No	No
303	John Baron	Conservative	Basildon and Billericay	No	No	Aye	No	No	No	No	No	No	No Vote Recorded	No	No	No	Aye	No	Aye	No	No	No
304	John Bercow	Speaker	Buckingham	No Vote Recorded	No Vote Recorded	No Vote Recorded	No Vote Recorded	No Vote Recorded	No Vote Recorded	No Vote Recorded	No Vote Recorded	No Vote Recorded	No Vote Recorded	No Vote Recorded	No Vote Recorded	No Vote Recorded	No Vote Recorded	No Vote Recorded	No Vote Recorded	No Vote Recorded	No Vote Recorded	No Vote Recorded
305	John Cryer	Labour	Leyton and Wanstead	Aye	Aye	No	Aye	Aye	Aye	No	Aye	Aye	No	Aye	No Vote Recorded	Aye	No	No Vote Recorded	No	Aye	No	No
306	John Glen	Conservative	Salisbury	No	No	Aye	Aye	No	No	Aye	No	No	No	No	No	No	No	No	Aye	No	Aye	Aye
307	John Grogan	Labour	Keighley	Aye	Aye	No	Aye	Aye	Aye	No	Aye	Aye	No	Aye	No Vote Recorded	Aye	No	Aye	No	Aye	No	No
308	John Hayes	Conservative	South Holland and The Deepings	No	No	Aye	No Vote Recorded	No	No	No	No	No	Aye	No	No	No	Aye	No	Aye	No	Aye	Aye
309	John Healey	Labour	Wentworth and Dearne	Aye	Aye	No	Aye	Aye	Aye	No	No Vote Recorded	Aye	No Vote Recorded	Aye	No Vote Recorded	Aye	No	No Vote Recorded	No	Aye	No	No
310	John Howell	Conservative	Henley	No	No	Aye	Aye	No	Aye	Aye	No	No Vote Recorded	No	No	No	No	No	No	Aye	No	Aye	Aye
311	John Lamont	Conservative	Berwickshire, Roxburgh and Selkirk	No	No	Aye	Aye	No	No	No	No	No	No Vote Recorded	No	No	No	No Vote Recorded	No	Aye	No	Aye	Aye
312	John Mann	Labour	Bassetlaw	No	No	Aye	No Vote Recorded	Aye	Aye	Aye	No	No	No	No	No	Aye	No	No	Aye	No Vote Recorded	Aye	Aye
313	John McDonnell	Labour	Hayes and Harlington	Aye	Aye	No	Aye	Aye	Aye	No	Aye	Aye	No	Aye	No Vote Recorded	Aye	No	No Vote Recorded	No	Aye	No	No
314	John McNally	Scottish National Party	Falkirk	No Vote Recorded	Aye	No	Aye	Aye	Aye	No	No Vote Recorded	No Vote Recorded	No Vote Recorded	No Vote Recorded	No Vote Recorded	No Vote Recorded	No Vote Recorded	No Vote Recorded	No	Aye	No	No Vote Recorded
315	John Penrose	Conservative	Weston-super-Mare	No	No	Aye	Aye	No	Aye	Aye	Aye	No	Aye	No	Aye	No	Aye	No	Aye	No	Aye	Aye
316	John Redwood	Conservative	Wokingham	No	No	No Vote Recorded	No Vote Recorded	No	No	No	No	No	No	No	No	No	Aye	No	No Vote Recorded	No	No	No
317	John Spellar	Labour	Warley	Aye	No Vote Recorded	No	Aye	Aye	Aye	No	No	No	No	Aye	No	Aye	No	No	No	Aye	No	No
318	John Stevenson	Conservative	Carlisle	Aye	Aye	Aye	Aye	No	Aye	Aye	Aye	No	No	No	Aye	No	No Vote Recorded	No	Aye	No	Aye	Aye
319	John Whittingdale	Conservative	Maldon	No	No	Aye	No Vote Recorded	No	No	No	No	No	Aye	No	No	No	Aye	No	No Vote Recorded	No	No	Aye
320	John Woodcock	Independent	Barrow and Furness	Aye	Aye	No	Aye	Aye	Aye	No	No Vote Recorded	Aye	No	No Vote Recorded	No	No	No	Aye	No	Aye	No	No
321	Johnny Mercer	Conservative	Plymouth, Moor View	No	No	Aye	Aye	No	No	No	No	No	No	No	No	No	Aye	No	Aye	No	Aye	Aye
322	Jon Cruddas	Labour	Dagenham and Rainham	Aye	Aye	No	Aye	Aye	Aye	No	Aye	No	No	Aye	No Vote Recorded	Aye	No	No	No	Aye	No	No
323	Jon Trickett	Labour	Hemsworth	Aye	Aye	No	Aye	Aye	Aye	No	Aye	No Vote Recorded	No	Aye	No Vote Recorded	Aye	No	No Vote Recorded	No	Aye	No	No
324	Jonathan Ashworth	Labour	Leicester South	Aye	Aye	No	Aye	Aye	Aye	No	Aye	Aye	No	Aye	No Vote Recorded	Aye	No	No Vote Recorded	No	Aye	No	No
325	Jonathan Djanogly	Conservative	Huntingdon	Aye	Aye	No Vote Recorded	Aye	Aye	Aye	Aye	Aye	No Vote Recorded	No	Aye	Aye	No	No	No	Aye	Aye	Aye	Aye
326	Jonathan Edwards	Plaid Cymru	Carmarthen East and Dinefwr	Aye	Aye	No	Aye	Aye	Aye	No	Aye	Aye	No	No Vote Recorded	No Vote Recorded	No Vote Recorded	No	Aye	No	Aye	No	No
327	Jonathan Lord	Conservative	Woking	No	No	Aye	No Vote Recorded	No	No	No	No	No	Aye	No	No	No	Aye	No	No Vote Recorded	No	No	Aye
328	Jonathan Reynolds	Labour	Stalybridge and Hyde	Aye	Aye	No	Aye	Aye	Aye	No	Aye	Aye	No	Aye	No Vote Recorded	Aye	No	No Vote Recorded	No	Aye	No	No
329	Joseph Johnson	Conservative	Orpington	Aye	No Vote Recorded	No Vote Recorded	No Vote Recorded	No	Aye	No	No	Aye	No	No	No	No	No	No	No Vote Recorded	No Vote Recorded	No	No
330	Judith Cummins	Labour	Bradford South	Aye	Aye	No	Aye	Aye	Aye	No	No Vote Recorded	No Vote Recorded	No	Aye	No Vote Recorded	Aye	No	No Vote Recorded	No	Aye	No	No
331	Julia Lopez	Conservative	Hornchurch and Upminster	No	No	Aye	No Vote Recorded	No	No	No	No	No	Aye	No	No	No	Aye	No	No Vote Recorded	No	No	No
332	Julian Knight	Conservative	Solihull	No	No	Aye	Aye	No	No	Aye	No	No	Aye	No	Aye	No	No Vote Recorded	No	Aye	No	Aye	Aye
333	Julian Lewis	Conservative	New Forest East	No	No	Aye	No Vote Recorded	No	No	No	No	No	Aye	No	No	No	Aye	No	No Vote Recorded	No	No	No
334	Julian Smith	Conservative	Skipton and Ripon	No	No	Aye	Aye	No	No Vote Recorded	Aye	No Vote Recorded	No Vote Recorded	No Vote Recorded	No Vote Recorded	No Vote Recorded	No Vote Recorded	No Vote Recorded	No Vote Recorded	Aye	No	Aye	Aye
335	Julian Sturdy	Conservative	York Outer	No	No	Aye	Aye	No	No	No	No	No	Aye	No	Aye	No	No Vote Recorded	No	Aye	No	Aye	Aye
336	Julie Cooper	Labour	Burnley	Aye	Aye	No	Aye	Aye	Aye	No	Aye	No Vote Recorded	No	Aye	No Vote Recorded	Aye	No	No Vote Recorded	No	Aye	No	No
337	Julie Elliott	Labour	Sunderland Central	Aye	Aye	No	Aye	Aye	Aye	No	No Vote Recorded	Aye	No	Aye	No Vote Recorded	Aye	No	No Vote Recorded	No	Aye	No	No
338	Justin Madders	Labour	Ellesmere Port and Neston	Aye	Aye	No	Aye	Aye	Aye	No	Aye	No	No	Aye	No	Aye	No	No Vote Recorded	No	Aye	No	No
339	Justin Tomlinson	Conservative	North Swindon	No	No	Aye	Aye	No	Aye	Aye	No	No	Aye	No	No	No	Aye	No	Aye	No	Aye	Aye
340	Justine Greening	Conservative	Putney	Aye	Aye	No Vote Recorded	Aye	Aye	Aye	No	No Vote Recorded	Aye	No Vote Recorded	No Vote Recorded	No Vote Recorded	No Vote Recorded	No	Aye	No Vote Recorded	Aye	No	No
341	Karen Bradley	Conservative	Staffordshire Moorlands	No	No	Aye	Aye	No	Aye	Aye	No Vote Recorded	No Vote Recorded	No Vote Recorded	No Vote Recorded	No Vote Recorded	No Vote Recorded	No Vote Recorded	No Vote Recorded	Aye	No	Aye	Aye
342	Karen Buck	Labour	Westminster North	Aye	Aye	No	Aye	Aye	Aye	No	No Vote Recorded	Aye	No	Aye	No	Aye	No	Aye	No	Aye	No	No
343	Karen Lee	Labour	Lincoln	Aye	Aye	No	Aye	Aye	Aye	No	No	Aye	No	Aye	No Vote Recorded	Aye	No	No Vote Recorded	No	Aye	No	No
344	Karin Smyth	Labour	Bristol South	Aye	Aye	No	Aye	Aye	Aye	No	Aye	Aye	No	Aye	No	Aye	No	Aye	No	Aye	No	No
345	Karl Turner	Labour	Kingston upon Hull East	Aye	Aye	No	Aye	Aye	Aye	No	Aye	Aye	No Vote Recorded	Aye	No Vote Recorded	Aye	No Vote Recorded	No Vote Recorded	No	Aye	No	No
346	Kate Green	Labour	Stretford and Urmston	Aye	Aye	No	Aye	Aye	Aye	No	No Vote Recorded	Aye	No	Aye	No	Aye	No	Aye	No	Aye	No	No
347	Kate Hoey	Labour	Vauxhall	No	No	Aye	No Vote Recorded	No	No	No	No	No	Aye	No	No Vote Recorded	No Vote Recorded	Aye	No	No Vote Recorded	No	No	No
348	Kate Hollern	Labour	Blackburn	Aye	Aye	No	Aye	Aye	Aye	No	Aye	Aye	No Vote Recorded	Aye	No Vote Recorded	Aye	No Vote Recorded	No Vote Recorded	No	Aye	No	No
349	Kate Osamor	Labour	Edmonton	Aye	Aye	No	Aye	Aye	Aye	No	No	Aye	No	Aye	No	Aye	No	Aye	No	Aye	No	No
350	Keir Starmer	Labour	Holborn and St Pancras	Aye	Aye	No	Aye	Aye	Aye	No	Aye	Aye	No	Aye	No Vote Recorded	Aye	No	No Vote Recorded	No	Aye	No	No
351	Keith Simpson	Conservative	Broadland	No	No	Aye	Aye	No	Aye	Aye	No	No	No	No	No	No	No	No	Aye	No Vote Recorded	Aye	Aye
352	Keith Vaz	Labour	Leicester East	Aye	Aye	No	Aye	Aye	Aye	No	Aye	Aye	No	Aye	No Vote Recorded	Aye	No	Aye	No	Aye	No	No
353	Kelly Tolhurst	Conservative	Rochester and Strood	No	No	Aye	Aye	No	No	Aye	No	No	No	No	No	No	Aye	No	Aye	No	Aye	Aye
354	Kelvin Hopkins	Independent	Luton North	No Vote Recorded	No	Aye	No Vote Recorded	No	No Vote Recorded	No	No Vote Recorded	No Vote Recorded	No Vote Recorded	No Vote Recorded	No Vote Recorded	No Vote Recorded	No Vote Recorded	No Vote Recorded	No Vote Recorded	No Vote Recorded	No	No Vote Recorded
355	Kemi Badenoch	Conservative	Saffron Walden	No	No	Aye	Aye	No	No	Aye	No	No	Aye	No	No	No	No Vote Recorded	No	Aye	No	Aye	Aye
356	Kenneth Clarke	Conservative	Rushcliffe	Aye	Aye	No	Aye	Aye	Aye	Aye	Aye	No Vote Recorded	No	Aye	No	Aye	No	Aye	No Vote Recorded	Aye	Aye	Aye
357	Kerry McCarthy	Labour	Bristol East	Aye	Aye	No	Aye	Aye	Aye	No	No	Aye	No	Aye	No	Aye	No	Aye	No	Aye	No	No
358	Kevan Jones	Labour	North Durham	Aye	Aye	No	Aye	Aye	Aye	No	No	No	No	Aye	No	Aye	No	No Vote Recorded	No	Aye	No	No
359	Kevin Barron	Labour	Rother Valley	No	No	Aye	Aye	Aye	Aye	Aye	No	No	No	Aye	No	No Vote Recorded	No	No	Aye	No Vote Recorded	Aye	Aye
360	Kevin Brennan	Labour	Cardiff West	Aye	Aye	No	Aye	Aye	Aye	No	Aye	Aye	No	Aye	No Vote Recorded	Aye	No	Aye	No	Aye	No	No
361	Kevin Foster	Conservative	Torbay	No	No	Aye	Aye	No	No	Aye	No	No	No	No	Aye	No	Aye	No	Aye	No	Aye	Aye
362	Kevin Hollinrake	Conservative	Thirsk and Malton	No	No	Aye	Aye	No	Aye	Aye	Aye	No	No	No	Aye	No	No	No	Aye	No	Aye	Aye
363	Khalid Mahmood	Labour	Birmingham, Perry Barr	Aye	Aye	No	Aye	Aye	Aye	No	Aye	Aye	No	Aye	No Vote Recorded	Aye	No	No Vote Recorded	No	Aye	No	No
364	Kirstene Hair	Conservative	Angus	No	No	Aye	Aye	No	No	Aye	No	No	No Vote Recorded	No	No	No	No Vote Recorded	No	Aye	No	Aye	Aye
365	Kirsty Blackman	Scottish National Party	Aberdeen North	Aye	Aye	No	Aye	Aye	Aye	No	No Vote Recorded	Aye	No	No Vote Recorded	No	No Vote Recorded	No	Aye	No	Aye	No	No
366	Kit Malthouse	Conservative	North West Hampshire	No	No	Aye	Aye	No	No	Aye	No	No	Aye	No	No	No	Aye	No	Aye	No	Aye	Aye
367	Kwasi Kwarteng	Conservative	Spelthorne	No	No	Aye	No Vote Recorded	No	No	Aye	No	No	No	No	No	No	Aye	No	Aye	No	Aye	Aye
368	Lady Hermon	Independent	North Down	No	No	No	Aye	Aye	Aye	Aye	No	Aye	No	No	No	No	No	Aye	No	No	Aye	Aye
369	Laura Pidcock	Labour	North West Durham	Aye	Aye	No	Aye	Aye	Aye	No	Aye	Aye	No	Aye	No Vote Recorded	Aye	No	No Vote Recorded	No	Aye	No	No
370	Laura Smith	Labour	Crewe and Nantwich	Aye	Aye	No	Aye	Aye	Aye	No	No	No	No	Aye	No	Aye	No	No Vote Recorded	No	Aye	No	No
371	Laurence Robertson	Conservative	Tewkesbury	No	No	Aye	No Vote Recorded	No	No	No	No	No	Aye	No	No	No	Aye	No	No Vote Recorded	No	No	No
372	Layla Moran	Liberal Democrat	Oxford West and Abingdon	Aye	Aye	No	Aye	Aye	Aye	No	No Vote Recorded	Aye	No	No Vote Recorded	No Vote Recorded	No Vote Recorded	No	Aye	No	Aye	No	No
373	Lee Rowley	Conservative	North East Derbyshire	No	No	Aye	No Vote Recorded	No	No	No	No	No	Aye	No	No	No	Aye	No	No Vote Recorded	No	No	No
374	Leo Docherty	Conservative	Aldershot	No	No	Aye	Aye	No	No	Aye	No Vote Recorded	No Vote Recorded	No Vote Recorded	No Vote Recorded	No Vote Recorded	No Vote Recorded	No Vote Recorded	No Vote Recorded	Aye	No	Aye	Aye
375	Lesley Laird	Labour	Kirkcaldy and Cowdenbeath	Aye	Aye	No	Aye	Aye	Aye	No	Aye	Aye	No	Aye	No Vote Recorded	Aye	No	Aye	No	Aye	No	No
376	Liam Byrne	Labour	Birmingham, Hodge Hill	Aye	Aye	No	Aye	Aye	Aye	No	Aye	Aye	No	Aye	No Vote Recorded	Aye	No	No Vote Recorded	No	Aye	No	No
377	Liam Fox	Conservative	North Somerset	No	No	Aye	Aye	No	No	Aye	No Vote Recorded	No Vote Recorded	No Vote Recorded	No Vote Recorded	No Vote Recorded	No Vote Recorded	No Vote Recorded	No Vote Recorded	Aye	No	Aye	Aye
378	Lilian Greenwood	Labour	Nottingham South	Aye	Aye	No	Aye	Aye	Aye	No	No Vote Recorded	Aye	No	Aye	No	Aye	No	Aye	No	Aye	No	No
379	Lindsay Hoyle	Deputy Speaker	Chorley	No Vote Recorded	No Vote Recorded	No Vote Recorded	No Vote Recorded	No Vote Recorded	No Vote Recorded	No Vote Recorded	No Vote Recorded	No Vote Recorded	No Vote Recorded	No Vote Recorded	No Vote Recorded	No Vote Recorded	No Vote Recorded	No Vote Recorded	No Vote Recorded	No Vote Recorded	No Vote Recorded	No Vote Recorded
380	Lisa Cameron	Scottish National Party	East Kilbride, Strathaven and Lesmahagow	Aye	Aye	No	Aye	Aye	Aye	No	No Vote Recorded	Aye	No	No Vote Recorded	No	No Vote Recorded	No	Aye	No	Aye	No	No
381	Lisa Nandy	Labour	Wigan	Aye	Aye	No	Aye	Aye	Aye	No	Aye	No Vote Recorded	No Vote Recorded	Aye	No Vote Recorded	Aye	No	Aye	No	Aye	No	No
382	Liz Kendall	Labour	Leicester West	Aye	Aye	No	Aye	Aye	Aye	No	No Vote Recorded	Aye	No	Aye	No	Aye	No	Aye	No	Aye	No	No
383	Liz McInnes	Labour	Heywood and Middleton	Aye	Aye	No	Aye	Aye	Aye	No	Aye	No Vote Recorded	No	Aye	No Vote Recorded	Aye	No	No Vote Recorded	No	Aye	No	No
384	Liz Saville Roberts	Plaid Cymru	Dwyfor Meirionnydd	Aye	Aye	No	Aye	Aye	Aye	No	Aye	Aye	No	No Vote Recorded	No Vote Recorded	No Vote Recorded	No	Aye	No	Aye	No	No
385	Liz Twist	Labour	Blaydon	Aye	Aye	No	Aye	Aye	Aye	No	Aye	Aye	No	Aye	No Vote Recorded	Aye	No	No Vote Recorded	No	Aye	No	No
386	Lloyd Russell-Moyle	Labour	Brighton, Kemptown	Aye	Aye	No	Aye	Aye	Aye	No	No	Aye	No	Aye	No	Aye	No	Aye	No	Aye	No	No
387	Louise Ellman	Labour	Liverpool, Riverside	Aye	Aye	No	Aye	Aye	Aye	No	No	Aye	No	Aye	No	Aye	No	Aye	No	Aye	No	No
388	Louise Haigh	Labour	Sheffield, Heeley	Aye	Aye	No	Aye	Aye	Aye	No	Aye	Aye	No	Aye	No	Aye	No	Aye	No	Aye	No	No
389	Luciana Berger	Independent	Liverpool, Wavertree	Aye	Aye	No	No Vote Recorded	Aye	Aye	No	No	Aye	No	No	No	No	No	Aye	No	Aye	No	No
390	Lucy Allan	Conservative	Telford	No	No	Aye	No	No	No	No	No Vote Recorded	No Vote Recorded	No Vote Recorded	No Vote Recorded	No Vote Recorded	No Vote Recorded	No Vote Recorded	No Vote Recorded	Aye	No	No	Aye
391	Lucy Frazer	Conservative	South East Cambridgeshire	No	No	Aye	Aye	No	Aye	Aye	No	No	No Vote Recorded	No Vote Recorded	No	No	No	No	Aye	No	Aye	Aye
392	Lucy Powell	Labour	Manchester Central	Aye	Aye	No	Aye	Aye	Aye	No	Aye	Aye	No	Aye	No Vote Recorded	Aye	No	No Vote Recorded	No	Aye	No	No
393	Luke Graham	Conservative	Ochil and South Perthshire	No	No	Aye	Aye	No	Aye	Aye	No	No	No Vote Recorded	No	Aye	No	No	No	Aye	No	Aye	Aye
394	Luke Hall	Conservative	Thornbury and Yate	No	No	Aye	Aye	No	No	Aye	No	No	No	No	No	No	No	No	Aye	No	Aye	Aye
395	Luke Pollard	Labour	Plymouth, Sutton and Devonport	Aye	Aye	No	Aye	Aye	Aye	No	Aye	Aye	No	Aye	No	Aye	No	Aye	No	Aye	No	No
396	Lyn Brown	Labour	West Ham	Aye	Aye	No	Aye	Aye	Aye	No	No Vote Recorded	Aye	No	Aye	No	Aye	No	Aye	No	Aye	No	No
397	Madeleine Moon	Labour	Bridgend	Aye	Aye	No	Aye	Aye	Aye	No	No	Aye	No	Aye	No	Aye	No	Aye	No	Aye	No	No
398	Maggie Throup	Conservative	Erewash	No	No	Aye	Aye	No	No	Aye	No	No	No	No	No	No	Aye	No	Aye	No	Aye	Aye
399	Marcus Fysh	Conservative	Yeovil	No	No	Aye	No Vote Recorded	No	No	No	No	No	Aye	No	No	No	Aye	No	No Vote Recorded	No	No	No
400	Marcus Jones	Conservative	Nuneaton	No	No	Aye	Aye	No	No	Aye	No	No	No	No	No	No	Aye	No	Aye	No	Aye	Aye
401	Margaret Beckett	Labour	Derby South	Aye	Aye	No	Aye	Aye	Aye	No	No Vote Recorded	Aye	No	Aye	No Vote Recorded	Aye	No	No Vote Recorded	No	Aye	No	No
402	Margaret Greenwood	Labour	Wirral West	Aye	Aye	No	Aye	Aye	Aye	No	No Vote Recorded	Aye	No	Aye	No Vote Recorded	Aye	No	No Vote Recorded	No	Aye	No	No
403	Margaret Hodge	Labour	Barking	Aye	Aye	No	Aye	Aye	Aye	No	No Vote Recorded	Aye	No	Aye	No	Aye	No	Aye	No	Aye	No	No
404	Margot James	Conservative	Stourbridge	No	No	Aye	Aye	No	Aye	Aye	Aye	No Vote Recorded	No	Aye	No Vote Recorded	No	No	No Vote Recorded	Aye	No Vote Recorded	Aye	Aye
405	Maria Caulfield	Conservative	Lewes	No	No	Aye	No Vote Recorded	No	No	No	No	No	Aye	No	Aye	No	Aye	No	Aye	No	Aye	Aye
406	Maria Eagle	Labour	Garston and Halewood	Aye	Aye	No	Aye	Aye	Aye	No	No Vote Recorded	Aye	No	Aye	No	Aye	No	Aye	No	Aye	No	No
407	Maria Miller	Conservative	Basingstoke	No	No	Aye	Aye	No	Aye	Aye	No	No	Aye	No	No	No	Aye	No	Aye	No	Aye	Aye
408	Marie Rimmer	Labour	St Helens South and Whiston	Aye	Aye	No	Aye	Aye	Aye	No	Aye	Aye	No	Aye	No	Aye	No	Aye	No	Aye	No	No
409	Marion Fellows	Scottish National Party	Motherwell and Wishaw	Aye	Aye	No	Aye	Aye	Aye	No	No Vote Recorded	Aye	No	No Vote Recorded	No	No Vote Recorded	No	Aye	No	Aye	No	No
410	Mark Field	Conservative	Cities of London and Westminster	No	No	Aye	Aye	No	Aye	Aye	No	No Vote Recorded	Aye	Aye	No	No	No	Aye	Aye	No	Aye	Aye
411	Mark Francois	Conservative	Rayleigh and Wickford	No	No	Aye	No Vote Recorded	No	No	No	No	No	Aye	No	No	No	Aye	No	No Vote Recorded	No	No	No
412	Mark Garnier	Conservative	Wyre Forest	No	No	Aye	Aye	No	Aye	Aye	No	No Vote Recorded	Aye	No	Aye	No	No Vote Recorded	No	Aye	No	Aye	Aye
413	Mark Harper	Conservative	Forest of Dean	No	No	Aye	Aye	No	No	No	No	No	Aye	No	No	No	Aye	No	No Vote Recorded	No	No	Aye
414	Mark Hendrick	Labour	Preston	Aye	Aye	No	Aye	Aye	Aye	No	Aye	Aye	No	Aye	Aye	Aye	No	Aye	No	Aye	No	No
415	Mark Lancaster	Conservative	Milton Keynes North	No	No	Aye	Aye	No	Aye	Aye	No	No	Aye	No	No	No	Aye	No	Aye	No	Aye	Aye
416	Mark Menzies	Conservative	Fylde	No	No	Aye	Aye	No	No	Aye	No	No	No	No	No	No	Aye	No	Aye	No	Aye	Aye
417	Mark Pawsey	Conservative	Rugby	Aye	No	Aye	Aye	Aye	Aye	Aye	Aye	No	No	Aye	Aye	No	No	No	Aye	Aye	Aye	Aye
418	Mark Prisk	Conservative	Hertford and Stortford	No	No	Aye	Aye	No	No Vote Recorded	Aye	No	No	No	No	Aye	No	No	No	Aye	No	Aye	Aye
419	Mark Pritchard	Conservative	The Wrekin	No	No	Aye	Aye	No	No	No	No	No	No	No	No	No	Aye	No	Aye	No	Aye	Aye
420	Mark Spencer	Conservative	Sherwood	No	No	Aye	Aye	No	No	Aye	No	No	No Vote Recorded	No	No	No	Aye	No	Aye	No	Aye	Aye
421	Mark Tami	Labour	Alyn and Deeside	Aye	Aye	No	Aye	Aye	Aye	No	No Vote Recorded	Aye	No	Aye	No Vote Recorded	Aye	No	No Vote Recorded	No	Aye	No	No
422	Marsha De Cordova	Labour	Battersea	Aye	Aye	No	Aye	Aye	Aye	No	No Vote Recorded	Aye	No	Aye	No	Aye	No	Aye	No	Aye	No	No
423	Martin Docherty-Hughes	Scottish National Party	West Dunbartonshire	Aye	Aye	No	Aye	Aye	Aye	No	No Vote Recorded	Aye	No	No Vote Recorded	No	No Vote Recorded	No	Aye	No	Aye	No	No
424	Martin Vickers	Conservative	Cleethorpes	No	No	Aye	No	No	No	No	No	No	No	No	No	No	Aye	No	Aye	No	Aye	Aye
425	Martin Whitfield	Labour	East Lothian	Aye	Aye	No	Aye	Aye	Aye	No	No Vote Recorded	Aye	No	Aye	No Vote Recorded	Aye	No	Aye	No	Aye	No	No
426	Martyn Day	Scottish National Party	Linlithgow and East Falkirk	Aye	Aye	No	Aye	Aye	Aye	No	No Vote Recorded	Aye	No	No Vote Recorded	No	No Vote Recorded	No	Aye	No	Aye	No	No
427	Mary Creagh	Labour	Wakefield	Aye	Aye	No	Aye	Aye	Aye	No	No Vote Recorded	Aye	No	Aye	No	Aye	No	Aye	No	Aye	No	No
428	Mary Glindon	Labour	North Tyneside	Aye	Aye	No	Aye	Aye	Aye	No	Aye	No Vote Recorded	No	Aye	No Vote Recorded	Aye	No	No Vote Recorded	No	Aye	No	No
429	Mary Robinson	Conservative	Cheadle	No	No	Aye	Aye	No	No	Aye	No	No	No	No	No	No	No	No	Aye	No	Aye	Aye
430	Matt Hancock	Conservative	West Suffolk	No	No	Aye	Aye	No	Aye	Aye	No Vote Recorded	No Vote Recorded	No Vote Recorded	No Vote Recorded	No Vote Recorded	No Vote Recorded	No Vote Recorded	No Vote Recorded	Aye	No	Aye	Aye
431	Matt Rodda	Labour	Reading East	Aye	Aye	No	Aye	Aye	Aye	No	Aye	Aye	No	Aye	No Vote Recorded	Aye	No	Aye	No	Aye	No	No
432	Matt Warman	Conservative	Boston and Skegness	No	No	Aye	Aye	No	No	Aye	No	No	No	No	No	No	Aye	No	Aye	No	Aye	Aye
433	Matt Western	Labour	Warwick and Leamington	Aye	Aye	No	Aye	Aye	Aye	No	Aye	Aye	No	Aye	No	Aye	No	Aye	No	Aye	No	No
434	Matthew Offord	Conservative	Hendon	No	No	Aye	Aye	No	No	No	No	No	Aye	No	No	No	Aye	No	No Vote Recorded	No	Aye	Aye
435	Matthew Pennycook	Labour	Greenwich and Woolwich	Aye	Aye	No	Aye	Aye	Aye	No	Aye	Aye	No	Aye	No	Aye	No	Aye	No	Aye	No	No
436	Meg Hillier	Labour	Hackney South and Shoreditch	Aye	Aye	No	Aye	Aye	Aye	No	No Vote Recorded	Aye	No	Aye	No	Aye	No	Aye	No	Aye	No	No
437	Mel Stride	Conservative	Central Devon	No	No	Aye	Aye	No	Aye	Aye	No	No	No	No	No	No	No	No	Aye	No	Aye	Aye
438	Melanie Onn	Labour	Great Grimsby	Aye	Aye	No	Aye	Aye	Aye	No	Aye	No	No Vote Recorded	Aye	No Vote Recorded	Aye	No	No Vote Recorded	No	Aye	No	No
439	Mhairi Black	Scottish National Party	Paisley and Renfrewshire South	Aye	Aye	No	Aye	Aye	Aye	No	No Vote Recorded	Aye	No	No Vote Recorded	No	No Vote Recorded	No	Aye	No	Aye	No	No
440	Michael Ellis	Conservative	Northampton North	No	No	Aye	Aye	No	No	Aye	No	No	No	No	No	No	Aye	No	Aye	No	Aye	Aye
441	Michael Fabricant	Conservative	Lichfield	No	No	Aye	Aye	No	No	No	No	No	Aye	No	No	No	Aye	No	No Vote Recorded	No	No	Aye
442	Michael Fallon	Conservative	Sevenoaks	No	No	Aye	Aye	No	No	No	No Vote Recorded	No	Aye	No	Aye	No	No	No	Aye	No	No	Aye
443	Michael Gove	Conservative	Surrey Heath	No	No	Aye	Aye	No	Aye	Aye	No Vote Recorded	No Vote Recorded	No Vote Recorded	No Vote Recorded	No Vote Recorded	No Vote Recorded	No Vote Recorded	No Vote Recorded	Aye	No	Aye	Aye
444	Michael Tomlinson	Conservative	Mid Dorset and North Poole	No	No	Aye	No	No	No	No	No	No	Aye	No	No	No	Aye	No	Aye	No	No	Aye
445	Michelle Donelan	Conservative	Chippenham	No	No	Aye	Aye	No	No	Aye	No	No	Aye	No	No	No	No Vote Recorded	No	Aye	No	Aye	Aye
446	Michelle Gildernew	Sinn F?in	Fermanagh and South Tyrone	No Vote Recorded	No Vote Recorded	No Vote Recorded	No Vote Recorded	No Vote Recorded	No Vote Recorded	No Vote Recorded	No Vote Recorded	No Vote Recorded	No Vote Recorded	No Vote Recorded	No Vote Recorded	No Vote Recorded	No Vote Recorded	No Vote Recorded	No Vote Recorded	No Vote Recorded	No Vote Recorded	No Vote Recorded
447	Mickey Brady	Sinn F?in	Newry and Armagh	No Vote Recorded	No Vote Recorded	No Vote Recorded	No Vote Recorded	No Vote Recorded	No Vote Recorded	No Vote Recorded	No Vote Recorded	No Vote Recorded	No Vote Recorded	No Vote Recorded	No Vote Recorded	No Vote Recorded	No Vote Recorded	No Vote Recorded	No Vote Recorded	No Vote Recorded	No Vote Recorded	No Vote Recorded
448	Mike Amesbury	Labour	Weaver Vale	Aye	Aye	No	Aye	Aye	Aye	No	Aye	Aye	No	Aye	No Vote Recorded	Aye	No	No Vote Recorded	No	Aye	No	No
449	Mike Freer	Conservative	Finchley and Golders Green	No	No	Aye	Aye	No	Aye	Aye	No	No	No	No	No	No	No	Aye	Aye	No Vote Recorded	Aye	Aye
450	Mike Gapes	Independent	Ilford South	Aye	Aye	No	Aye	Aye	Aye	No	No	Aye	No	No	No	No	No	Aye	No	Aye	No	No
451	Mike Hill	Labour	Hartlepool	Aye	Aye	No	Aye	No Vote Recorded	Aye	No	No Vote Recorded	No	No	Aye	No Vote Recorded	Aye	No	No Vote Recorded	No	Aye	No	No
452	Mike Kane	Labour	Wythenshawe and Sale East	Aye	Aye	No	Aye	Aye	Aye	No	Aye	No Vote Recorded	No	Aye	No Vote Recorded	Aye	No	No Vote Recorded	No	Aye	No	No
453	Mike Penning	Conservative	Hemel Hempstead	No	No	Aye	Aye	No	No	No	No	No	No	No	No	No	Aye	No	Aye	No	Aye	Aye
454	Mike Wood	Conservative	Dudley South	No	No	Aye	Aye	No	No	Aye	No	No	No Vote Recorded	No	No	No	Aye	No	Aye	No	Aye	Aye
455	Mims Davies	Conservative	Eastleigh	No	No	Aye	Aye	No	No	Aye	No	No	No	No	No	No	Aye	No	Aye	No	Aye	Aye
456	Mohammad Yasin	Labour	Bedford	Aye	Aye	No	Aye	Aye	Aye	No	Aye	Aye	No	Aye	No	Aye	No	Aye	No	Aye	No	No
457	Nadhim Zahawi	Conservative	Stratford-on-Avon	No	No	Aye	Aye	No	No	Aye	No Vote Recorded	No	No Vote Recorded	No	No Vote Recorded	No	No Vote Recorded	No	Aye	No	Aye	Aye
458	Nadine Dorries	Conservative	Mid Bedfordshire	No	No	Aye	No Vote Recorded	No	No	No	No	No	Aye	No	No	No	Aye	No	No Vote Recorded	No	Aye	Aye
459	Naz Shah	Labour	Bradford West	Aye	Aye	No	Aye	Aye	Aye	No	Aye	Aye	No	Aye	No Vote Recorded	Aye	No	No Vote Recorded	No	Aye	No	No
460	Neil Coyle	Labour	Bermondsey and Old Southwark	Aye	Aye	No	Aye	Aye	Aye	No	No	Aye	No	Aye	No	Aye	No	Aye	No	Aye	No	No
461	Neil Gray	Scottish National Party	Airdrie and Shotts	Aye	Aye	No	Aye	Aye	Aye	No	No Vote Recorded	Aye	No	No Vote Recorded	No	No Vote Recorded	No	Aye	No	Aye	No	No
462	Neil O'Brien	Conservative	Harborough	No	No	Aye	Aye	No	No	Aye	No	No	No Vote Recorded	No	No	No	Aye	No	Aye	No	Aye	Aye
463	Neil Parish	Conservative	Tiverton and Honiton	No	No	Aye	No Vote Recorded	No	Aye	Aye	No Vote Recorded	No	Aye	No	Aye	No	Aye	No	Aye	No	Aye	Aye
464	Nia Griffith	Labour	Llanelli	Aye	Aye	No	Aye	Aye	Aye	No	Aye	Aye	No	Aye	No Vote Recorded	Aye	No	No Vote Recorded	No	Aye	No	No
465	Nic Dakin	Labour	Scunthorpe	Aye	Aye	No	Aye	Aye	Aye	No	No Vote Recorded	Aye	No	Aye	No Vote Recorded	Aye	No	No Vote Recorded	No	Aye	No	No
466	Nicholas Brown	Labour	Newcastle upon Tyne East	Aye	Aye	No	Aye	Aye	Aye	No	Aye	Aye	No	Aye	No Vote Recorded	Aye	No	No Vote Recorded	No	Aye	No	No
467	Nicholas Soames	Conservative	Mid Sussex	Aye	Aye	Aye	Aye	No	Aye	Aye	Aye	No	No	Aye	No	No	No	No	Aye	Aye	Aye	Aye
468	Nick Boles	Conservative	Grantham and Stamford	Aye	Aye	Aye	Aye	Aye	Aye	Aye	Aye	No Vote Recorded	No	Aye	Aye	No	No	No	Aye	Aye	Aye	Aye
469	Nick Gibb	Conservative	Bognor Regis and Littlehampton	No	No	Aye	Aye	No	Aye	Aye	No Vote Recorded	No	No	No	No Vote Recorded	No	No Vote Recorded	No	Aye	No	Aye	Aye
470	Nick Herbert	Conservative	Arundel and South Downs	No	No	Aye	Aye	No	Aye	Aye	Aye	No	No	Aye	Aye	No	No	No	Aye	No	Aye	Aye
471	Nick Hurd	Conservative	Ruislip, Northwood and Pinner	No	No	Aye	Aye	No	Aye	Aye	No Vote Recorded	No Vote Recorded	No	No Vote Recorded	No Vote Recorded	No	No	No	Aye	No	Aye	Aye
472	Nick Smith	Labour	Blaenau Gwent	Aye	Aye	No	Aye	Aye	Aye	No	No Vote Recorded	Aye	No	Aye	No Vote Recorded	Aye	No	No Vote Recorded	No	Aye	No	No
473	Nick Thomas-Symonds	Labour	Torfaen	Aye	Aye	No	Aye	Aye	Aye	No	No Vote Recorded	Aye	No	Aye	No Vote Recorded	Aye	No	No Vote Recorded	No	Aye	No	No
474	Nicky Morgan	Conservative	Loughborough	Aye	No	Aye	Aye	No Vote Recorded	Aye	Aye	Aye	No	No	Aye	Aye	No	No	No	Aye	No	Aye	Aye
475	Nigel Adams	Conservative	Selby and Ainsty	No	No	Aye	Aye	No	No	Aye	No	No	Aye	No	No	No	No Vote Recorded	No	Aye	No	Aye	Aye
476	Nigel Dodds	Democratic Unionist Party	Belfast North	No	No	Aye	No Vote Recorded	No	No	No	No Vote Recorded	No	Aye	No	No Vote Recorded	No	No Vote Recorded	No	Aye	No	No	No
477	Nigel Evans	Conservative	Ribble Valley	No	No	Aye	Aye	No	No	No	No	No	Aye	No	No	No	Aye	No	Aye	No	Aye	Aye
478	Nigel Huddleston	Conservative	Mid Worcestershire	No	No	Aye	Aye	No	No	Aye	No Vote Recorded	No	No Vote Recorded	No Vote Recorded	No Vote Recorded	No	No Vote Recorded	No	Aye	No Vote Recorded	Aye	Aye
479	Nigel Mills	Conservative	Amber Valley	No	No	Aye	No	No	No	No	No	No	Aye	No	No	No	Aye	No	Aye	No	Aye	Aye
480	Norman Lamb	Liberal Democrat	North Norfolk	Aye	Aye	No	Aye	Aye	Aye	No	Aye	Aye	No	Aye	No Vote Recorded	No Vote Recorded	No	No Vote Recorded	No	Aye	No	No
481	Nusrat Ghani	Conservative	Wealden	No	No	Aye	Aye	No	No	Aye	No	No	No	No	No	No	Aye	No	Aye	No	Aye	Aye
482	Oliver Dowden	Conservative	Hertsmere	No	No	Aye	Aye	No	Aye	Aye	No	No	No	No	No	No	No	No	Aye	No	Aye	Aye
483	Oliver Heald	Conservative	North East Hertfordshire	No	No	Aye	No Vote Recorded	No	Aye	Aye	No Vote Recorded	No	No	Aye	No Vote Recorded	No	No	No	Aye	No Vote Recorded	Aye	Aye
484	Oliver Letwin	Conservative	West Dorset	Aye	Aye	Aye	Aye	Aye	Aye	Aye	Aye	No	No	Aye	Aye	No	No	No	Aye	Aye	Aye	Aye
485	Owen Paterson	Conservative	North Shropshire	No	No	Aye	No Vote Recorded	No	No	No	No	No	Aye	No	No	No	Aye	No	No Vote Recorded	No	No	No
486	Owen Smith	Labour	Pontypridd	Aye	Aye	No	Aye	Aye	No Vote Recorded	No	No	Aye	No	No Vote Recorded	No	No Vote Recorded	No	Aye	No	Aye	No	No
487	Pat McFadden	Labour	Wolverhampton South East	Aye	Aye	No	Aye	Aye	Aye	No	No Vote Recorded	Aye	No	Aye	No	Aye	No	No Vote Recorded	No	Aye	No	No
488	Patricia Gibson	Scottish National Party	North Ayrshire and Arran	Aye	Aye	No	Aye	Aye	Aye	No	No Vote Recorded	Aye	No	No Vote Recorded	No	No Vote Recorded	No	Aye	No	Aye	No	No
489	Patrick Grady	Scottish National Party	Glasgow North	Aye	Aye	No	Aye	Aye	Aye	No	No Vote Recorded	Aye	No Vote Recorded	No Vote Recorded	No	No Vote Recorded	No	Aye	No	Aye	No	No
490	Patrick McLoughlin	Conservative	Derbyshire Dales	No	No	Aye	Aye	No	Aye	Aye	No	No	No	No	No	No	No	No	Aye	No	Aye	Aye
491	Paul Beresford	Conservative	Mole Valley	No	No	Aye	No Vote Recorded	No	Aye	Aye	No	No	No	No	No	No	No	No	Aye	No	Aye	Aye
492	Paul Blomfield	Labour	Sheffield Central	Aye	Aye	No	Aye	Aye	Aye	No	Aye	Aye	No	Aye	No	Aye	No	Aye	No	Aye	No	No
493	Paul Farrelly	Labour	Newcastle-under-Lyme	Aye	Aye	No	Aye	Aye	No Vote Recorded	No	Aye	Aye	No	Aye	No	Aye	No	Aye	No	Aye	No	No
494	Paul Girvan	Democratic Unionist Party	South Antrim	No	No	Aye	No Vote Recorded	No	No	No	No Vote Recorded	No	Aye	No	No Vote Recorded	No	No Vote Recorded	No	Aye	No	No	No
495	Paul Maskey	Sinn F?in	Belfast West	No Vote Recorded	No Vote Recorded	No Vote Recorded	No Vote Recorded	No Vote Recorded	No Vote Recorded	No Vote Recorded	No Vote Recorded	No Vote Recorded	No Vote Recorded	No Vote Recorded	No Vote Recorded	No Vote Recorded	No Vote Recorded	No Vote Recorded	No Vote Recorded	No Vote Recorded	No Vote Recorded	No Vote Recorded
496	Paul Masterton	Conservative	East Renfrewshire	Aye	No	Aye	Aye	No	Aye	Aye	Aye	No	No	Aye	Aye	No	No	No Vote Recorded	Aye	Aye	Aye	Aye
497	Paul Maynard	Conservative	Blackpool North and Cleveleys	No	No	Aye	Aye	No	No	Aye	No	No	Aye	No	No	No	Aye	No	Aye	No	Aye	Aye
498	Paul Scully	Conservative	Sutton and Cheam	No	No	Aye	Aye	No	No	Aye	No	No	Aye	No	No	No	Aye	No	Aye	No	Aye	Aye
499	Paul Sweeney	Labour	Glasgow North East	Aye	Aye	No	Aye	Aye	Aye	No	Aye	Aye	No	Aye	No Vote Recorded	Aye	No	Aye	No	Aye	No	No
500	Paul Williams	Labour	Stockton South	Aye	Aye	No	Aye	Aye	Aye	No	No	Aye	No	No	No	Aye	No	Aye	No	Aye	No	No
501	Paula Sherriff	Labour	Dewsbury	Aye	Aye	No	Aye	Aye	Aye	No	Aye	No Vote Recorded	No	Aye	No Vote Recorded	Aye	No	No Vote Recorded	No	Aye	No	No
502	Pauline Latham	Conservative	Mid Derbyshire	No	No	Aye	No Vote Recorded	No	No	No	No	No	Aye	No	No	No	No Vote Recorded	No	No Vote Recorded	No	No	Aye
503	Penny Mordaunt	Conservative	Portsmouth North	No	No	Aye	Aye	No	No	Aye	No Vote Recorded	No Vote Recorded	No Vote Recorded	No Vote Recorded	No Vote Recorded	No Vote Recorded	No Vote Recorded	No Vote Recorded	Aye	No	Aye	Aye
504	Pete Wishart	Scottish National Party	Perth and North Perthshire	Aye	Aye	No	Aye	Aye	Aye	No	No Vote Recorded	No Vote Recorded	No	No Vote Recorded	No	No Vote Recorded	No	Aye	No	Aye	No	No
505	Peter Aldous	Conservative	Waveney	No	No	Aye	Aye	No	Aye	Aye	No	No	No	No	Aye	No	No	No	Aye	No	Aye	Aye
506	Peter Bone	Conservative	Wellingborough	No	No	Aye	No	No	No	No	No	No	Aye	No	No	No	Aye	No	No	No	No	No
507	Peter Bottomley	Conservative	Worthing West	No	No	Aye	Aye	No	Aye	Aye	No	No	No Vote Recorded	No	No	No	No	No	Aye	No	Aye	Aye
508	Peter Dowd	Labour	Bootle	Aye	Aye	No	Aye	Aye	Aye	No	Aye	Aye	No	Aye	No Vote Recorded	Aye	No	No Vote Recorded	No	Aye	No	No
509	Peter Grant	Scottish National Party	Glenrothes	Aye	Aye	No	Aye	Aye	Aye	No	No Vote Recorded	Aye	No	No Vote Recorded	No	No Vote Recorded	No	Aye	No	Aye	No	No
510	Peter Heaton-Jones	Conservative	North Devon	No	No	Aye	Aye	No	Aye	Aye	No	No	No	No	No	No	No Vote Recorded	No	Aye	No Vote Recorded	Aye	Aye
511	Peter Kyle	Labour	Hove	Aye	Aye	No	Aye	Aye	Aye	No	Aye	Aye	No	Aye	No	Aye	No	Aye	No	Aye	No	No
512	Phil Wilson	Labour	Sedgefield	Aye	Aye	No	Aye	Aye	Aye	No	Aye	Aye	No	Aye	No Vote Recorded	Aye	No	No Vote Recorded	No	Aye	No	No
513	Philip Davies	Conservative	Shipley	No	No	Aye	No	No	No	No	No	No	Aye	No	No	No	Aye	No	No Vote Recorded	No	Aye	Aye
514	Philip Dunne	Conservative	Ludlow	No	No	Aye	Aye	No	Aye	Aye	No	No	Aye	No	No	No	No	No	Aye	No	Aye	Aye
515	Philip Hammond	Conservative	Runnymede and Weybridge	No	No	Aye	Aye	No	Aye	Aye	No Vote Recorded	No Vote Recorded	No Vote Recorded	No Vote Recorded	No Vote Recorded	No Vote Recorded	No Vote Recorded	No Vote Recorded	Aye	No	Aye	Aye
516	Philip Hollobone	Conservative	Kettering	No	No	Aye	No	No	No	No	No	No	Aye	No	No	No	Aye	No	No	No	No	No
517	Philippa Whitford	Scottish National Party	Central Ayrshire	Aye	Aye	No	Aye	Aye	Aye	No	No Vote Recorded	Aye	No	No Vote Recorded	No	No Vote Recorded	No	Aye	No	Aye	No	No
518	Phillip Lee	Conservative	Bracknell	Aye	Aye	No	Aye	Aye	No Vote Recorded	No	No	Aye	No	No	No	No	No	Aye	No Vote Recorded	Aye	No	No
519	Preet Kaur Gill	Labour	Birmingham, Edgbaston	Aye	Aye	No	Aye	Aye	Aye	No	No Vote Recorded	Aye	No	Aye	No Vote Recorded	Aye	No	Aye	No	Aye	No	No
520	Priti Patel	Conservative	Witham	No	No	Aye	No Vote Recorded	No	No	No	No	No	Aye	No	No	No	Aye	No	No Vote Recorded	No	No	No
521	Rachael Maskell	Labour	York Central	Aye	Aye	No	Aye	Aye	Aye	No	No	Aye	No	Aye	No	Aye	No	Aye	No	Aye	No	No
522	Rachel Maclean	Conservative	Redditch	No	No	Aye	Aye	No	No	Aye	No	No	Aye	No	No	No	Aye	No	Aye	No	Aye	Aye
523	Rachel Reeves	Labour	Leeds West	Aye	Aye	No	Aye	Aye	Aye	No	Aye	Aye	No	Aye	No	Aye	No	Aye	No	Aye	No	No
524	Ranil Jayawardena	Conservative	North East Hampshire	No	No	Aye	No Vote Recorded	No	No	No	No	No	Aye	No	No	No	Aye	No	No Vote Recorded	No	No	No
525	Rebecca Harris	Conservative	Castle Point	No	No	Aye	Aye	No	No	Aye	No	No	Aye	No	No	No	Aye	No	Aye	No	Aye	Aye
526	Rebecca Long Bailey	Labour	Salford and Eccles	Aye	Aye	No	Aye	Aye	Aye	No	Aye	Aye	No	Aye	No Vote Recorded	Aye	No	No Vote Recorded	No	Aye	No	No
527	Rebecca Pow	Conservative	Taunton Deane	No	No	Aye	Aye	No	Aye	Aye	No Vote Recorded	No	No	No	Aye	No	No	No	Aye	No	Aye	Aye
528	Rehman Chishti	Conservative	Gillingham and Rainham	No	No	Aye	No	No	No	No	No	No	No Vote Recorded	No	No	No	Aye	No	No Vote Recorded	No	No	Aye
529	Richard Bacon	Conservative	South Norfolk	No	No	Aye	No Vote Recorded	No	No	No	No	No	Aye	No	No	No	Aye	No	No Vote Recorded	No	No	Aye
530	Richard Benyon	Conservative	Newbury	Aye	Aye	Aye	Aye	No	Aye	Aye	Aye	No	No	Aye	No	No	No	No	Aye	Aye	Aye	Aye
531	Richard Burden	Labour	Birmingham, Northfield	Aye	Aye	No	Aye	Aye	Aye	No	Aye	Aye	No	Aye	No	Aye	No	No Vote Recorded	No	Aye	No	No
532	Richard Burgon	Labour	Leeds East	Aye	Aye	No	Aye	Aye	Aye	No	Aye	Aye	No	Aye	No Vote Recorded	Aye	No	No Vote Recorded	No	Aye	No	No
533	Richard Drax	Conservative	South Dorset	No	No Vote Recorded	Aye	No	No	No Vote Recorded	No	No	No	Aye	No	No	No	Aye	No	No Vote Recorded	No	No	Aye
534	Richard Graham	Conservative	Gloucester	No	No	Aye	Aye	No	Aye	Aye	No Vote Recorded	No	No	No Vote Recorded	No Vote Recorded	No	No	No	Aye	No Vote Recorded	Aye	Aye
535	Richard Harrington	Conservative	Watford	Aye	No	Aye	Aye	No	Aye	Aye	Aye	No Vote Recorded	No	Aye	No Vote Recorded	No	No	Aye	Aye	No Vote Recorded	Aye	Aye
536	Rishi Sunak	Conservative	Richmond (Yorks)	No	No	Aye	Aye	No	No	Aye	No	No	Aye	No	No	No	Aye	No	Aye	No	Aye	Aye
537	Robert Buckland	Conservative	South Swindon	No	No	Aye	Aye	No	Aye	Aye	No	No	No	No	No	No	No	No	Aye	No Vote Recorded	Aye	Aye
538	Robert Courts	Conservative	Witney	No	No	Aye	No Vote Recorded	No	No	No	No	No	Aye	No	Aye	No	Aye	No	Aye	No	No	Aye
539	Robert Goodwill	Conservative	Scarborough and Whitby	No	No	Aye	Aye	No	Aye	Aye	No	No	No	No	No	No	Aye	No	Aye	No	Aye	Aye
540	Robert Halfon	Conservative	Harlow	No	No	Aye	Aye	No	No	No	Aye	No	No Vote Recorded	No	Aye	No	No	No	Aye	No	Aye	Aye
541	Robert Jenrick	Conservative	Newark	No	No	Aye	Aye	No	No	Aye	No	No	No	No	No	No	Aye	No	Aye	No	Aye	Aye
542	Robert Neill	Conservative	Bromley and Chislehurst	Aye	No	Aye	Aye	No	Aye	Aye	Aye	No	No	Aye	Aye	No	No	No	Aye	No	Aye	Aye
543	Robert Syms	Conservative	Poole	No	No	Aye	No	No	No	No	No	No	No	No	No	No	Aye	No	Aye	No	Aye	Aye
544	Roberta Blackman-Woods	Labour	City of Durham	Aye	Aye	No	Aye	Aye	Aye	No	Aye	Aye	No	Aye	No Vote Recorded	Aye	No	Aye	No	Aye	No	No
545	Robin Walker	Conservative	Worcester	No	No	Aye	Aye	No	Aye	Aye	No	No	No	No Vote Recorded	No	No	No	No	Aye	No	Aye	Aye
546	Roger Gale	Conservative	North Thanet	No	No	Aye	Aye	No	Aye	Aye	No	No	No	No	No	No	No	No	Aye	No	Aye	Aye
547	Roger Godsiff	Labour	Birmingham, Hall Green	Aye	Aye	Aye	Aye	Aye	Aye	No	Aye	Aye	No	Aye	No	Aye	No	Aye	No	Aye	No	No
548	Ronnie Campbell	Labour	Blyth Valley	No Vote Recorded	No	No Vote Recorded	No Vote Recorded	No Vote Recorded	No Vote Recorded	No	No	No	No	No	Aye	No	Aye	No	No	Aye	No	No Vote Recorded
549	Ronnie Cowan	Scottish National Party	Inverclyde	Aye	Aye	No	Aye	Aye	Aye	No	No Vote Recorded	Aye	No	No Vote Recorded	No	No Vote Recorded	No	Aye	No	Aye	No	No
550	Rory Stewart	Conservative	Penrith and The Border	No	No	Aye	Aye	No	Aye	Aye	No Vote Recorded	No	No	Aye	No Vote Recorded	No	No	No	Aye	No	Aye	Aye
551	Rosena Allin-Khan	Labour	Tooting	Aye	Aye	No	Aye	Aye	Aye	No	No	Aye	No	Aye	No	Aye	No	Aye	No	Aye	No	No
552	Rosie Cooper	Labour	West Lancashire	No	Aye	No Vote Recorded	Aye	Aye	Aye	No	No	No	No	Aye	No	Aye	No	No	No	Aye	No	Aye
553	Rosie Duffield	Labour	Canterbury	Aye	Aye	No	Aye	Aye	Aye	No	No Vote Recorded	Aye	No	Aye	No	Aye	No	Aye	No	Aye	No	No
554	Rosie Winterton	Deputy Speaker	Doncaster Central	No Vote Recorded	No Vote Recorded	No Vote Recorded	No Vote Recorded	No Vote Recorded	No Vote Recorded	No Vote Recorded	No Vote Recorded	No Vote Recorded	No Vote Recorded	No Vote Recorded	No Vote Recorded	No Vote Recorded	No Vote Recorded	No Vote Recorded	No Vote Recorded	No Vote Recorded	No Vote Recorded	No Vote Recorded
555	Ross Thomson	Conservative	Aberdeen South	No	No	Aye	No Vote Recorded	No	No	No	No	No	Aye	No	No	No	Aye	No	No Vote Recorded	No	No	Aye
556	Royston Smith	Conservative	Southampton, Itchen	No	No	Aye	No Vote Recorded	No	No	No	No	No	Aye	No	No	No	Aye	No	Aye	No	No	Aye
557	Rupa Huq	Labour	Ealing Central and Acton	Aye	Aye	No	Aye	Aye	Aye	No	No Vote Recorded	Aye	No	Aye	No	Aye	No	Aye	No	Aye	No	No
558	Rushanara Ali	Labour	Bethnal Green and Bow	Aye	Aye	No	Aye	Aye	Aye	No	Aye	Aye	No	Aye	No	Aye	No	Aye	No	Aye	No	No
559	Ruth Cadbury	Labour	Brentford and Isleworth	Aye	Aye	No	Aye	Aye	Aye	No	No	Aye	No	Aye	No	Aye	No	Aye	No	Aye	No	No
560	Ruth George	Labour	High Peak	Aye	Aye	No	Aye	Aye	Aye	No	No Vote Recorded	Aye	No	Aye	No	Aye	No	Aye	No	Aye	No	No
561	Ruth Smeeth	Labour	Stoke-on-Trent North	Aye	Aye	No Vote Recorded	Aye	Aye	Aye	No	No	No	No	Aye	No	Aye	No	No	No	Aye	No	No
562	Sajid Javid	Conservative	Bromsgrove	No	No	Aye	Aye	No	Aye	Aye	No Vote Recorded	No Vote Recorded	No Vote Recorded	No Vote Recorded	No Vote Recorded	No Vote Recorded	No Vote Recorded	No Vote Recorded	Aye	No	Aye	Aye
563	Sam Gyimah	Conservative	East Surrey	Aye	Aye	No Vote Recorded	Aye	Aye	Aye	No	No Vote Recorded	Aye	No	No Vote Recorded	No Vote Recorded	No	No	No Vote Recorded	No Vote Recorded	Aye	No	No
564	Sammy Wilson	Democratic Unionist Party	East Antrim	No	No	Aye	No Vote Recorded	No	No	No	No Vote Recorded	No	Aye	No	No Vote Recorded	No	No Vote Recorded	No	Aye	No	No	No
565	Sandy Martin	Labour	Ipswich	Aye	Aye	No	Aye	Aye	Aye	No	Aye	Aye	No	Aye	No	Aye	No	Aye	No	Aye	No	No
566	Sarah Champion	Labour	Rotherham	Aye	Aye	No	Aye	Aye	Aye	No	No	No	No	Aye	No	Aye	No	No	No	Aye	No	No
567	Sarah Jones	Labour	Croydon Central	Aye	Aye	No	Aye	Aye	Aye	No	Aye	Aye	No	Aye	No Vote Recorded	Aye	No	Aye	No	Aye	No	No
568	Sarah Newton	Conservative	Truro and Falmouth	Aye	No	Aye	Aye	No	Aye	Aye	No Vote Recorded	No Vote Recorded	No	Aye	Aye	No	No	No Vote Recorded	Aye	Aye	Aye	Aye
569	Sarah Wollaston	Independent	Totnes	Aye	Aye	No	Aye	Aye	No Vote Recorded	No	No	Aye	No	No	No	No	No	Aye	No	Aye	No	No
570	Scott Mann	Conservative	North Cornwall	No	No	Aye	No Vote Recorded	No	No	No	No	No	Aye	No	Aye	No	Aye	No	Aye	No	Aye	Aye
571	Seema Kennedy	Conservative	South Ribble	No	No	Aye	Aye	No	Aye	Aye	No	No	No	No	No	No	No	No	Aye	No	Aye	Aye
572	Seema Malhotra	Labour	Feltham and Heston	Aye	Aye	No	Aye	Aye	Aye	No	Aye	Aye	No	Aye	No	Aye	No	No Vote Recorded	No	Aye	No	No
573	Shabana Mahmood	Labour	Birmingham, Ladywood	Aye	Aye	No	Aye	Aye	Aye	No	Aye	Aye	No	Aye	No	Aye	No	Aye	No	Aye	No	No
574	Shailesh Vara	Conservative	North West Cambridgeshire	No	No	Aye	No Vote Recorded	No	No	No	No	No	Aye	No	No	No	Aye	No	No Vote Recorded	No	No	Aye
575	Sharon Hodgson	Labour	Washington and Sunderland West	Aye	Aye	No	Aye	Aye	Aye	No	Aye	Aye	No	Aye	No	Aye	No	No Vote Recorded	No	Aye	No	No
576	Sheryll Murray	Conservative	South East Cornwall	No	No	Aye	No Vote Recorded	No	No	No	No	No	Aye	No	No	No	Aye	No	No Vote Recorded	No	No	Aye
577	Simon Clarke	Conservative	Middlesbrough South and East Cleveland	No	No	Aye	No Vote Recorded	No	No	No	No	No	Aye	No	No	No	Aye	No	No Vote Recorded	No	No	Aye
578	Simon Hart	Conservative	Carmarthen West and South Pembrokeshire	No	No	Aye	No Vote Recorded	No	No	Aye	Aye	No	No Vote Recorded	No	Aye	No	No Vote Recorded	No	Aye	No	Aye	Aye
579	Simon Hoare	Conservative	North Dorset	No	No	Aye	Aye	No	Aye	Aye	Aye	No	No	Aye	Aye	No	No	No	Aye	No Vote Recorded	Aye	Aye
580	Siobhain McDonagh	Labour	Mitcham and Morden	Aye	Aye	No	Aye	Aye	Aye	No	No	Aye	No	No	No	No	No	Aye	No	Aye	No	No
581	Stella Creasy	Labour	Walthamstow	Aye	Aye	No	Aye	Aye	Aye	No	No Vote Recorded	Aye	No	Aye	No	Aye	No	Aye	No	Aye	No	No
582	Stephanie Peacock	Labour	Barnsley East	Aye	Aye	No	Aye	Aye	Aye	No	Aye	No	No	Aye	No Vote Recorded	Aye	No	No Vote Recorded	No	Aye	No	No
583	Stephen Barclay	Conservative	North East Cambridgeshire	No	No	Aye	Aye	No	No	Aye	No Vote Recorded	No Vote Recorded	No Vote Recorded	No Vote Recorded	No Vote Recorded	No Vote Recorded	No Vote Recorded	No Vote Recorded	Aye	No	Aye	Aye
584	Stephen Crabb	Conservative	Preseli Pembrokeshire	No	No	No Vote Recorded	Aye	No	Aye	Aye	Aye	No	No	Aye	Aye	No	No	No	Aye	No Vote Recorded	Aye	Aye
585	Stephen Doughty	Labour	Cardiff South and Penarth	Aye	Aye	No	Aye	Aye	Aye	No	No Vote Recorded	Aye	No	Aye	No	Aye	No	Aye	No	Aye	No	No
586	Stephen Gethins	Scottish National Party	North East Fife	Aye	Aye	No	Aye	Aye	Aye	No	No Vote Recorded	Aye	No	No Vote Recorded	No	No Vote Recorded	No	Aye	No	Aye	No	No
587	Stephen Hammond	Conservative	Wimbledon	No	No	Aye	Aye	No	Aye	Aye	Aye	No Vote Recorded	No	Aye	Aye	No	No	Aye	Aye	No Vote Recorded	Aye	Aye
588	Stephen Hepburn	Labour	Jarrow	No	No Vote Recorded	No	No Vote Recorded	No	No	No	No	No	No	No	No	No	No	No	No	No	No	No
589	Stephen Kerr	Conservative	Stirling	No	No	Aye	No Vote Recorded	No	Aye	Aye	No	No	No	No	Aye	No	No	No	Aye	No	Aye	Aye
590	Stephen Kinnock	Labour	Aberavon	Aye	Aye	No	Aye	Aye	Aye	No	Aye	No Vote Recorded	No	Aye	Aye	Aye	No	No Vote Recorded	No	Aye	No	No
591	Stephen Lloyd	Independent	Eastbourne	Aye	Aye	Aye	Aye	Aye	Aye	Aye	Aye	No Vote Recorded	No	Aye	Aye	Aye	No	Aye	Aye	Aye	Aye	Aye
592	Stephen McPartland	Conservative	Stevenage	No	No	Aye	No Vote Recorded	No	No	No	No	No	Aye	No	No	No	Aye	No	Aye	No	Aye	Aye
593	Stephen Metcalfe	Conservative	South Basildon and East Thurrock	No	No	Aye	No Vote Recorded	No	No	No	No	No	Aye	No	No	No	Aye	No	Aye	No	Aye	Aye
594	Stephen Morgan	Labour	Portsmouth South	Aye	Aye	No	Aye	Aye	Aye	No	No	Aye	No	Aye	No	Aye	No	Aye	No	Aye	No	No
595	Stephen Pound	Labour	Ealing North	Aye	Aye	No	Aye	Aye	Aye	No	Aye	Aye	No	Aye	No Vote Recorded	Aye	No	No Vote Recorded	No	Aye	No	No
596	Stephen Timms	Labour	East Ham	Aye	Aye	No	Aye	Aye	Aye	No	Aye	Aye	No	Aye	No Vote Recorded	Aye	No	Aye	No	Aye	No	No
597	Stephen Twigg	Labour	Liverpool, West Derby	Aye	Aye	No	Aye	Aye	Aye	No	Aye	Aye	No	Aye	No Vote Recorded	Aye	No	Aye	No	Aye	No	No
598	Steve Baker	Conservative	Wycombe	No	No	Aye	No Vote Recorded	No	No	No	No	No	Aye	No	No	No	Aye	No	No Vote Recorded	No	No	No
599	Steve Brine	Conservative	Winchester	Aye	No	Aye	Aye	No	Aye	Aye	Aye	No Vote Recorded	No	Aye	Aye	No	No	No Vote Recorded	Aye	No	Aye	Aye
600	Steve Double	Conservative	St Austell and Newquay	No	No	Aye	No Vote Recorded	No	No	No	No	No	Aye	No	No	No	Aye	No	Aye	No	Aye	Aye
601	Steve McCabe	Labour	Birmingham, Selly Oak	Aye	Aye	No	Aye	Aye	Aye	No	Aye	Aye	No	Aye	No Vote Recorded	Aye	No	No Vote Recorded	No	Aye	No	No
602	Steve Reed	Labour	Croydon North	Aye	Aye	No	Aye	Aye	Aye	No	Aye	Aye	No	Aye	No Vote Recorded	Aye	No	Aye	No	Aye	No	No
603	Stewart Hosie	Scottish National Party	Dundee East	Aye	Aye	No	Aye	Aye	Aye	No	No Vote Recorded	Aye	No	No Vote Recorded	No	No Vote Recorded	No	Aye	No	Aye	No	No
604	Stewart Malcolm McDonald	Scottish National Party	Glasgow South	Aye	Aye	No	Aye	Aye	Aye	No	No Vote Recorded	Aye	No	No Vote Recorded	No	No Vote Recorded	No	Aye	No	Aye	No	No
605	Stuart Andrew	Conservative	Pudsey	No	No	Aye	Aye	No	No	Aye	No	No	Aye	No	No	No	Aye	No	Aye	No	Aye	Aye
606	Stuart C. McDonald	Scottish National Party	Cumbernauld, Kilsyth and Kirkintilloch East	Aye	Aye	No	Aye	Aye	Aye	No	No Vote Recorded	Aye	No	No Vote Recorded	No	No Vote Recorded	No	Aye	No	Aye	No	No
607	Sue Hayman	Labour	Workington	Aye	Aye	No	Aye	Aye	Aye	No	Aye	Aye	No	Aye	No Vote Recorded	Aye	No	No Vote Recorded	No	Aye	No	No
608	Suella Braverman	Conservative	Fareham	No	No	Aye	No Vote Recorded	No	No	No	No	No	Aye	No	No	No	Aye	No	No Vote Recorded	No	No	No
609	Susan Elan Jones	Labour	Clwyd South	Aye	Aye	No	Aye	Aye	Aye	No	No Vote Recorded	Aye	No	Aye	No	Aye	No	Aye	No	Aye	No	No
610	Tanmanjeet Singh Dhesi	Labour	Slough	Aye	Aye	No	Aye	Aye	Aye	No	Aye	Aye	No	Aye	No Vote Recorded	Aye	No	No Vote Recorded	No	Aye	No	No
611	Teresa Pearce	Labour	Erith and Thamesmead	Aye	Aye	No	Aye	Aye	Aye	No	No Vote Recorded	Aye	No	Aye	No Vote Recorded	Aye	No	No Vote Recorded	No	Aye	No	No
612	Th?r?se Coffey	Conservative	Suffolk Coastal	No	No	Aye	Aye	No	Aye	Aye	No	No	No Vote Recorded	No	No	No	No Vote Recorded	No	Aye	No	Aye	Aye
613	Thangam Debbonaire	Labour	Bristol West	Aye	Aye	No	Aye	Aye	Aye	No	Aye	Aye	No	Aye	No Vote Recorded	Aye	No	Aye	No	Aye	No	No
614	Thelma Walker	Labour	Colne Valley	Aye	Aye	No	Aye	Aye	Aye	No	No	Aye	No	Aye	No	Aye	No	Aye	No	Aye	No	No
615	Theresa May	Conservative	Maidenhead	No	No	Aye	Aye	No	Aye	Aye	No Vote Recorded	No Vote Recorded	No Vote Recorded	No Vote Recorded	No Vote Recorded	No Vote Recorded	No Vote Recorded	No Vote Recorded	Aye	No	Aye	Aye
616	Theresa Villiers	Conservative	Chipping Barnet	No	No	Aye	No Vote Recorded	No	No	No	No	No	Aye	No	No	No	No Vote Recorded	No	No Vote Recorded	No	No	No
617	Tim Farron	Liberal Democrat	Westmorland and Lonsdale	Aye	Aye	No	Aye	Aye	Aye	No	No Vote Recorded	Aye	No	No Vote Recorded	No Vote Recorded	No Vote Recorded	No	Aye	No	Aye	No	No
618	Tim Loughton	Conservative	East Worthing and Shoreham	No	No	Aye	No Vote Recorded	No	No	No	No	No	Aye	No	No	No	Aye	No	No Vote Recorded	No	Aye	Aye
619	Tobias Ellwood	Conservative	Bournemouth East	No	No	Aye	Aye	No	Aye	Aye	No Vote Recorded	No Vote Recorded	No Vote Recorded	No Vote Recorded	No Vote Recorded	No Vote Recorded	No Vote Recorded	No Vote Recorded	Aye	No Vote Recorded	Aye	Aye
620	Toby Perkins	Labour	Chesterfield	Aye	Aye	No	Aye	Aye	Aye	No	Aye	Aye	No	Aye	No	Aye	No	No	No	Aye	No	No
621	Tom Brake	Liberal Democrat	Carshalton and Wallington	Aye	Aye	No	Aye	Aye	Aye	No	No Vote Recorded	Aye	No	No Vote Recorded	No Vote Recorded	No Vote Recorded	No	Aye	No	Aye	No	No
622	Tom Pursglove	Conservative	Corby	No	No	Aye	No	No	No	No	No	No	Aye	No	No	No	Aye	No	Aye	No	No	Aye
623	Tom Tugendhat	Conservative	Tonbridge and Malling	No	No	Aye	No Vote Recorded	No	No	Aye	No Vote Recorded	No	No Vote Recorded	No Vote Recorded	No Vote Recorded	No Vote Recorded	No Vote Recorded	No	Aye	No	Aye	Aye
624	Tom Watson	Labour	West Bromwich East	Aye	Aye	No	Aye	Aye	Aye	No	Aye	Aye	No	Aye	No Vote Recorded	Aye	No	No Vote Recorded	No	Aye	No	No
625	Tommy Sheppard	Scottish National Party	Edinburgh East	Aye	Aye	No	Aye	Aye	Aye	No	No Vote Recorded	Aye	No	No Vote Recorded	No	No Vote Recorded	No	Aye	No	Aye	No	No
626	Tonia Antoniazzi	Labour	Gower	Aye	Aye	No	Aye	Aye	Aye	No	No	Aye	No	Aye	No	Aye	No	Aye	No	Aye	No	No
627	Tony Lloyd	Labour	Rochdale	Aye	Aye	No	Aye	Aye	Aye	No	Aye	Aye	No	Aye	No	Aye	No	No Vote Recorded	No	Aye	No	No
628	Tracey Crouch	Conservative	Chatham and Aylesford	No	No	Aye	No Vote Recorded	No	No	No	No	No	No Vote Recorded	No	No	No	Aye	No	Aye	No	Aye	Aye
629	Tracy Brabin	Labour	Batley and Spen	Aye	Aye	No	Aye	Aye	Aye	No	Aye	No Vote Recorded	No	Aye	No Vote Recorded	Aye	No	No Vote Recorded	No	Aye	No	No
630	Trudy Harrison	Conservative	Copeland	No	No	Aye	Aye	No	No	Aye	No	No	No	No	Aye	No	Aye	No	Aye	No	Aye	Aye
631	Tulip Siddiq	Labour	Hampstead and Kilburn	Aye	Aye	No	Aye	Aye	Aye	No	No	Aye	No	Aye	No	Aye	No	Aye	No	Aye	No	No
632	Valerie Vaz	Labour	Walsall South	Aye	Aye	No	Aye	Aye	Aye	No	Aye	Aye	No	Aye	No Vote Recorded	Aye	No	No Vote Recorded	No	Aye	No	No
633	Vernon Coaker	Labour	Gedling	Aye	Aye	No	Aye	Aye	Aye	No	Aye	Aye	No	Aye	No	Aye	No	No Vote Recorded	No	Aye	No	No
634	Vicky Ford	Conservative	Chelmsford	No	No	Aye	Aye	No	Aye	Aye	Aye	No	No	Aye	No Vote Recorded	No	No	No	Aye	No Vote Recorded	Aye	Aye
635	Vicky Foxcroft	Labour	Lewisham, Deptford	Aye	Aye	No	Aye	Aye	Aye	No	Aye	Aye	No	Aye	No Vote Recorded	Aye	No	Aye	No	Aye	No	No
636	Victoria Atkins	Conservative	Louth and Horncastle	No	No	Aye	Aye	No	Aye	Aye	No	No	No	No	No	No	No	No	Aye	No	Aye	Aye
637	Victoria Prentis	Conservative	Banbury	No	No	Aye	Aye	No	Aye	Aye	No Vote Recorded	No	No	No	Aye	No	No	No	Aye	No Vote Recorded	Aye	Aye
638	Vince Cable	Liberal Democrat	Twickenham	Aye	Aye	No	Aye	Aye	Aye	No	No Vote Recorded	Aye	No	No Vote Recorded	No	No	No	Aye	No	Aye	No	No
639	Virendra Sharma	Labour	Ealing, Southall	Aye	Aye	No	Aye	Aye	Aye	No	Aye	Aye	No	Aye	No	Aye	No	Aye	No	Aye	No	No
640	Wayne David	Labour	Caerphilly	Aye	Aye	No	Aye	Aye	Aye	No	Aye	Aye	No	Aye	No Vote Recorded	Aye	No	No Vote Recorded	No	Aye	No	No
641	Wendy Morton	Conservative	Aldridge-Brownhills	No	No	Aye	Aye	No	No	Aye	No	No	No	No	No	No	Aye	No	Aye	No	Aye	Aye
642	Wera Hobhouse	Liberal Democrat	Bath	Aye	Aye	No	Aye	Aye	Aye	No	No	Aye	No	No	No	No	No	Aye	No	Aye	No	No
643	Wes Streeting	Labour	Ilford North	Aye	Aye	No	Aye	Aye	Aye	No	No Vote Recorded	Aye	No	Aye	No	Aye	No	Aye	No	Aye	No	No
644	Will Quince	Conservative	Colchester	No	No	Aye	No Vote Recorded	No	No	No	No	No	Aye	No	No	No	Aye	No	Aye	No	Aye	Aye
645	William Cash	Conservative	Stone	No	No	Aye	No	No	No	No	No	No	Aye	No	No	No	Aye	No	No Vote Recorded	No	No	No
646	William Wragg	Conservative	Hazel Grove	No	No	Aye	No Vote Recorded	No	No	No	No	No	Aye	No	No	No	Aye	No	Aye	No	Aye	Aye
647	Yasmin Qureshi	Labour	Bolton South East	Aye	Aye	No	Aye	Aye	Aye	No	Aye	Aye	No	Aye	No Vote Recorded	Aye	No	No Vote Recorded	No	Aye	No	No
648	Yvette Cooper	Labour	Normanton, Pontefract and Castleford	Aye	Aye	No	Aye	Aye	Aye	No	Aye	Aye	No	Aye	No Vote Recorded	Aye	No	No Vote Recorded	No	Aye	No	No
649	Yvonne Fovargue	Labour	Makerfield	Aye	Aye	No	Aye	Aye	Aye	No	No Vote Recorded	No	No Vote Recorded	Aye	No Vote Recorded	Aye	No	No Vote Recorded	No	Aye	No	No
650	Zac Goldsmith	Conservative	Richmond Park	No	No	Aye	No Vote Recorded	No	No	No	No	No	Aye	No	No	No	Aye	No	Aye	No	Aye	Aye
